2025-11-26 16:45:49,646,uvicorn.error,INFO,Application shutdown complete.
2025-11-26 16:45:49,646,uvicorn.error,INFO,Finished server process [14272]
2025-11-26 16:45:56,839,uvicorn.error,INFO,Started server process [2996]
2025-11-26 16:45:56,839,uvicorn.error,INFO,Waiting for application startup.
2025-11-26 16:45:56,840,uvicorn,INFO,应用启动中...
2025-11-26 16:45:56,840,uvicorn,INFO,日志系统初始化完成
2025-11-26 16:45:56,840,uvicorn.error,INFO,Application startup complete.
2025-11-26 16:46:33,657,uvicorn,INFO,请求开始: GET http://localhost:8000/docs
2025-11-26 16:46:33,659,uvicorn,INFO,请求完成: GET http://localhost:8000/docs 状态码: 200 耗时: 0.00s
2025-11-26 16:46:33,841,uvicorn,INFO,请求开始: GET http://localhost:8000/openapi.json
2025-11-26 16:46:33,887,uvicorn,INFO,请求完成: GET http://localhost:8000/openapi.json 状态码: 200 耗时: 0.05s
2025-11-26 16:46:37,749,uvicorn,INFO,请求开始: GET http://localhost:8000/apilog/logs
2025-11-26 16:46:37,751,uvicorn,INFO,请求完成: GET http://localhost:8000/apilog/logs 状态码: 200 耗时: 0.00s
2025-11-26 16:49:10,225,uvicorn.error,INFO,Shutting down
2025-11-26 16:49:10,337,uvicorn.error,INFO,Waiting for application shutdown.
2025-11-26 16:49:10,337,uvicorn,INFO,应用关闭中...
2025-11-26 16:49:10,338,uvicorn,INFO,日志系统关闭
2025-11-26 16:49:10,339,uvicorn.error,INFO,Application shutdown complete.
2025-11-26 16:49:10,339,uvicorn.error,INFO,Finished server process [2996]
2025-12-10 13:02:30,983,uvicorn.error,INFO,Started server process [3472]
2025-12-10 13:02:30,990,uvicorn.error,INFO,Waiting for application startup.
2025-12-10 13:02:30,990,uvicorn,INFO,应用启动中...
2025-12-10 13:02:30,991,uvicorn,INFO,日志系统初始化完成
2025-12-10 13:02:30,991,uvicorn.error,INFO,Application startup complete.
2025-12-10 13:02:55,422,uvicorn,INFO,请求开始: GET http://localhost:8000/login
2025-12-10 13:02:55,472,uvicorn,INFO,请求完成: GET http://localhost:8000/login 状态码: 200 耗时: 0.03s
2025-12-10 16:30:41,104,uvicorn.error,INFO,Shutting down
2025-12-10 16:30:41,315,uvicorn.error,INFO,Waiting for application shutdown.
2025-12-10 16:30:41,536,uvicorn,INFO,应用关闭中...
2025-12-10 16:30:41,537,uvicorn,INFO,日志系统关闭
2025-12-10 16:30:41,545,uvicorn.error,INFO,Application shutdown complete.
2025-12-10 16:30:41,569,uvicorn.error,INFO,Finished server process [3472]
2025-12-11 16:39:55,915,uvicorn.error,INFO,Started server process [11512]
2025-12-11 16:39:55,933,uvicorn.error,INFO,Waiting for application startup.
2025-12-11 16:39:55,966,uvicorn,INFO,应用启动中...
2025-12-11 16:39:56,031,uvicorn,INFO,日志系统初始化完成
2025-12-11 16:39:56,037,uvicorn.error,INFO,Application startup complete.
2025-12-11 16:40:04,138,uvicorn,INFO,请求开始: GET http://localhost:8000/
2025-12-11 16:40:04,139,uvicorn,INFO,函数 goto_login_page 开始执行
2025-12-11 16:40:04,144,uvicorn,INFO,函数 goto_login_page 执行完成，响应数据: <starlette.templating._TemplateResponse object at 0x000001A898917AF0>
2025-12-11 16:40:04,154,uvicorn,INFO,请求完成: GET http://localhost:8000/ 状态码: 200 耗时: 0.01s
2025-12-11 17:00:35,905,uvicorn.error,INFO,Shutting down
2025-12-11 17:00:36,014,uvicorn.error,INFO,Waiting for application shutdown.
2025-12-11 17:00:36,015,uvicorn,INFO,应用关闭中...
2025-12-11 17:00:36,015,uvicorn,INFO,日志系统关闭
2025-12-11 17:00:36,015,uvicorn.error,INFO,Application shutdown complete.
2025-12-11 17:00:36,015,uvicorn.error,INFO,Finished server process [584]
2025-12-13 10:56:09,692,uvicorn.error,INFO,Started server process [7496]
2025-12-13 10:56:09,693,uvicorn.error,INFO,Waiting for application startup.
2025-12-13 10:56:09,693,uvicorn,INFO,应用启动中...
2025-12-13 10:56:09,694,uvicorn,INFO,日志系统初始化完成
2025-12-13 10:56:09,704,uvicorn.error,INFO,Application startup complete.
2025-12-13 10:56:29,693,uvicorn,INFO,请求开始: GET http://localhost:8000/login
2025-12-13 10:56:29,758,uvicorn,INFO,请求完成: GET http://localhost:8000/login 状态码: 200 耗时: 0.05s
2025-12-13 12:57:50,573,uvicorn.error,INFO,Shutting down
2025-12-13 12:57:50,685,uvicorn.error,INFO,Waiting for application shutdown.
2025-12-13 12:57:50,686,uvicorn,INFO,应用关闭中...
2025-12-13 12:57:50,687,uvicorn,INFO,日志系统关闭
2025-12-13 12:57:50,687,uvicorn.error,INFO,Application shutdown complete.
2025-12-13 12:57:50,690,uvicorn.error,INFO,Finished server process [7180]
2025-12-15 14:55:13,501,uvicorn.error,INFO,Started server process [13624]
2025-12-15 14:55:13,502,uvicorn.error,INFO,Waiting for application startup.
2025-12-15 14:55:13,503,uvicorn,INFO,应用启动中...
2025-12-15 14:55:13,503,uvicorn,INFO,日志系统初始化完成
2025-12-15 14:55:13,503,uvicorn.error,INFO,Application startup complete.
2025-12-16 08:44:19,793,uvicorn.error,INFO,Shutting down
2025-12-16 08:44:19,916,uvicorn.error,INFO,Waiting for application shutdown.
2025-12-16 08:44:19,921,uvicorn,INFO,应用关闭中...
2025-12-16 08:44:19,922,uvicorn,INFO,日志系统关闭
2025-12-16 08:44:19,926,uvicorn.error,INFO,Application shutdown complete.
2025-12-16 08:44:19,927,uvicorn.error,INFO,Finished server process [13624]
2025-12-16 09:47:06,701,uvicorn.error,INFO,Started server process [16256]
2025-12-16 09:47:06,701,uvicorn.error,INFO,Waiting for application startup.
2025-12-16 09:47:06,702,uvicorn,INFO,应用启动中...
2025-12-16 09:47:06,702,uvicorn,INFO,日志系统初始化完成
2025-12-16 09:47:06,702,uvicorn.error,INFO,Application startup complete.
2025-12-16 09:48:12,308,uvicorn,INFO,请求开始: GET http://localhost:8000/index
2025-12-16 09:48:12,323,uvicorn,INFO,请求完成: GET http://localhost:8000/index 状态码: 401 耗时: 0.00s
2025-12-16 09:48:17,393,uvicorn,INFO,请求开始: GET http://localhost:8000/
2025-12-16 09:48:17,393,uvicorn,INFO,函数 goto_login_page 开始执行
2025-12-16 09:48:18,910,uvicorn,INFO,函数 goto_login_page 执行完成，响应数据: <starlette.templating._TemplateResponse object at 0x00000298A15AB670>
2025-12-16 09:48:18,911,uvicorn,INFO,请求完成: GET http://localhost:8000/ 状态码: 200 耗时: 1.52s
2025-12-16 09:48:19,195,uvicorn,INFO,请求开始: GET http://localhost:8000/login
2025-12-16 09:48:19,251,uvicorn,INFO,请求完成: GET http://localhost:8000/login 状态码: 200 耗时: 0.06s
2025-12-16 09:48:19,517,uvicorn,INFO,请求开始: GET http://localhost:8000/static/css/styles.css
2025-12-16 09:48:19,813,uvicorn,INFO,请求开始: GET http://localhost:8000/static/js/script.js
2025-12-16 09:48:20,234,uvicorn,INFO,请求完成: GET http://localhost:8000/static/js/script.js 状态码: 304 耗时: 0.42s
2025-12-16 09:48:20,235,uvicorn,INFO,请求完成: GET http://localhost:8000/static/css/styles.css 状态码: 304 耗时: 0.72s
2025-12-16 09:48:20,334,uvicorn,INFO,请求开始: GET http://localhost:8000/api/verify
2025-12-16 09:48:20,335,uvicorn,INFO,请求完成: GET http://localhost:8000/api/verify 状态码: 401 耗时: 0.00s
2025-12-16 09:48:35,840,uvicorn,INFO,请求开始: POST http://localhost:8000/api/login
2025-12-16 09:48:36,006,uvicorn,INFO,请求完成: POST http://localhost:8000/api/login 状态码: 200 耗时: 0.17s
2025-12-16 09:48:37,050,uvicorn,INFO,请求开始: GET http://localhost:8000/index
2025-12-16 09:48:37,098,uvicorn,INFO,请求完成: GET http://localhost:8000/index 状态码: 200 耗时: 0.05s
2025-12-16 09:48:37,183,uvicorn,INFO,请求开始: GET http://localhost:8000/static/js/index.js
2025-12-16 09:48:37,187,uvicorn,INFO,请求完成: GET http://localhost:8000/static/js/index.js 状态码: 304 耗时: 0.00s
2025-12-16 09:48:37,395,uvicorn,INFO,请求开始: GET http://localhost:8000/api/verify
2025-12-16 09:48:37,396,uvicorn,INFO,请求完成: GET http://localhost:8000/api/verify 状态码: 200 耗时: 0.00s
2025-12-16 09:49:05,178,uvicorn,INFO,请求开始: GET http://localhost:8000/apilog/logs
2025-12-16 09:49:05,181,uvicorn,INFO,请求完成: GET http://localhost:8000/apilog/logs 状态码: 200 耗时: 0.00s
2025-12-16 09:49:05,243,uvicorn,INFO,请求开始: GET http://localhost:8000/static/js/logs.js
2025-12-16 09:49:05,245,uvicorn,INFO,请求完成: GET http://localhost:8000/static/js/logs.js 状态码: 200 耗时: 0.00s
2025-12-16 09:49:17,675,uvicorn,INFO,请求开始: GET http://localhost:8000/apilog/get_logs?str_date=2025-12-10&end_date=2025-12-13&level=&keyword=
2025-12-16 09:49:17,701,uvicorn,INFO,请求完成: GET http://localhost:8000/apilog/get_logs?str_date=2025-12-10&end_date=2025-12-13&level=&keyword= 状态码: 200 耗时: 0.03s
2025-12-16 09:51:05,183,uvicorn,INFO,请求开始: GET http://localhost:8000/apilog/get_logs?str_date=2025-12-16&end_date=2025-12-16&level=&keyword=
2025-12-16 09:51:05,208,uvicorn,INFO,请求完成: GET http://localhost:8000/apilog/get_logs?str_date=2025-12-16&end_date=2025-12-16&level=&keyword= 状态码: 200 耗时: 0.02s
2025-12-16 09:51:15,543,uvicorn,INFO,请求开始: GET http://localhost:8000/apilog/get_logs?str_date=2025-12-10&end_date=2025-12-11&level=&keyword=
2025-12-16 09:51:15,569,uvicorn,INFO,请求完成: GET http://localhost:8000/apilog/get_logs?str_date=2025-12-10&end_date=2025-12-11&level=&keyword= 状态码: 200 耗时: 0.03s
2025-12-16 09:51:18,881,uvicorn,INFO,请求开始: GET http://localhost:8000/apilog/get_logs?str_date=2025-12-10&end_date=2025-12-11&level=&keyword=
2025-12-16 09:51:18,908,uvicorn,INFO,请求完成: GET http://localhost:8000/apilog/get_logs?str_date=2025-12-10&end_date=2025-12-11&level=&keyword= 状态码: 200 耗时: 0.03s
2025-12-16 09:51:26,547,uvicorn,INFO,请求开始: GET http://localhost:8000/apilog/get_logs?str_date=2025-12-10&end_date=2025-12-11&level=&keyword=
2025-12-16 09:51:26,570,uvicorn,INFO,请求完成: GET http://localhost:8000/apilog/get_logs?str_date=2025-12-10&end_date=2025-12-11&level=&keyword= 状态码: 200 耗时: 0.02s
2025-12-16 09:51:27,025,uvicorn,INFO,请求开始: GET http://localhost:8000/apilog/get_logs?str_date=2025-12-10&end_date=2025-12-11&level=&keyword=
2025-12-16 09:51:27,053,uvicorn,INFO,请求完成: GET http://localhost:8000/apilog/get_logs?str_date=2025-12-10&end_date=2025-12-11&level=&keyword= 状态码: 200 耗时: 0.03s
2025-12-16 12:44:30,495,uvicorn,INFO,请求开始: GET http://localhost:8000/apilog/get_logs?str_date=2025-12-10&end_date=&level=&keyword=
2025-12-16 12:44:30,503,uvicorn,INFO,请求完成: GET http://localhost:8000/apilog/get_logs?str_date=2025-12-10&end_date=&level=&keyword= 状态码: 401 耗时: 0.01s
2025-12-16 12:44:55,771,uvicorn,INFO,请求开始: GET http://localhost:8000/.well-known/appspecific/com.chrome.devtools.json
2025-12-16 12:44:55,772,uvicorn,INFO,请求完成: GET http://localhost:8000/.well-known/appspecific/com.chrome.devtools.json 状态码: 404 耗时: 0.00s
2025-12-16 12:44:59,630,uvicorn,INFO,请求开始: GET http://localhost:8000/apilog/get_logs?str_date=2025-12-10&end_date=&level=&keyword=
2025-12-16 12:44:59,631,uvicorn,INFO,请求完成: GET http://localhost:8000/apilog/get_logs?str_date=2025-12-10&end_date=&level=&keyword= 状态码: 401 耗时: 0.00s
2025-12-16 12:45:13,007,uvicorn,INFO,请求开始: GET http://localhost:8000/apilog/get_logs?str_date=2025-12-10&end_date=2025-12-16&level=&keyword=
2025-12-16 12:45:13,008,uvicorn,INFO,请求完成: GET http://localhost:8000/apilog/get_logs?str_date=2025-12-10&end_date=2025-12-16&level=&keyword= 状态码: 401 耗时: 0.00s
2025-12-16 12:45:32,140,uvicorn,INFO,请求开始: GET http://localhost:8000/apilog/logs
2025-12-16 12:45:32,141,uvicorn,INFO,请求完成: GET http://localhost:8000/apilog/logs 状态码: 401 耗时: 0.00s
2025-12-16 12:45:32,417,uvicorn,INFO,请求开始: GET http://localhost:8000/.well-known/appspecific/com.chrome.devtools.json
2025-12-16 12:45:32,418,uvicorn,INFO,请求完成: GET http://localhost:8000/.well-known/appspecific/com.chrome.devtools.json 状态码: 404 耗时: 0.00s
2025-12-16 12:45:37,364,uvicorn,INFO,请求开始: GET http://localhost:8000/.well-known/appspecific/com.chrome.devtools.json
2025-12-16 12:45:37,366,uvicorn,INFO,请求完成: GET http://localhost:8000/.well-known/appspecific/com.chrome.devtools.json 状态码: 404 耗时: 0.00s
2025-12-16 12:45:40,686,uvicorn,INFO,请求开始: GET http://localhost:8000/index
2025-12-16 12:45:40,687,uvicorn,INFO,请求完成: GET http://localhost:8000/index 状态码: 401 耗时: 0.00s
2025-12-16 12:45:40,878,uvicorn,INFO,请求开始: GET http://localhost:8000/.well-known/appspecific/com.chrome.devtools.json
2025-12-16 12:45:40,879,uvicorn,INFO,请求完成: GET http://localhost:8000/.well-known/appspecific/com.chrome.devtools.json 状态码: 404 耗时: 0.00s
2025-12-16 12:45:43,082,uvicorn,INFO,请求开始: GET http://localhost:8000/.well-known/appspecific/com.chrome.devtools.json
2025-12-16 12:45:43,083,uvicorn,INFO,请求完成: GET http://localhost:8000/.well-known/appspecific/com.chrome.devtools.json 状态码: 404 耗时: 0.00s
2025-12-16 12:45:44,827,uvicorn,INFO,请求开始: POST http://localhost:8000/api/login
2025-12-16 12:45:45,314,uvicorn,INFO,请求完成: POST http://localhost:8000/api/login 状态码: 200 耗时: 0.49s
2025-12-16 12:45:46,362,uvicorn,INFO,请求开始: GET http://localhost:8000/index
2025-12-16 12:45:46,367,uvicorn,INFO,请求完成: GET http://localhost:8000/index 状态码: 200 耗时: 0.00s
2025-12-16 12:45:46,725,uvicorn,INFO,请求开始: GET http://localhost:8000/.well-known/appspecific/com.chrome.devtools.json
2025-12-16 12:45:46,726,uvicorn,INFO,请求完成: GET http://localhost:8000/.well-known/appspecific/com.chrome.devtools.json 状态码: 404 耗时: 0.00s
2025-12-16 12:45:46,957,uvicorn,INFO,请求开始: GET http://localhost:8000/api/verify
2025-12-16 12:45:46,958,uvicorn,INFO,请求完成: GET http://localhost:8000/api/verify 状态码: 200 耗时: 0.00s
2025-12-16 12:45:50,174,uvicorn,INFO,请求开始: GET http://localhost:8000/apilog/logs
2025-12-16 12:45:50,176,uvicorn,INFO,请求完成: GET http://localhost:8000/apilog/logs 状态码: 200 耗时: 0.00s
2025-12-16 12:45:50,497,uvicorn,INFO,请求开始: GET http://localhost:8000/.well-known/appspecific/com.chrome.devtools.json
2025-12-16 12:45:50,498,uvicorn,INFO,请求完成: GET http://localhost:8000/.well-known/appspecific/com.chrome.devtools.json 状态码: 404 耗时: 0.00s
2025-12-16 12:45:50,505,uvicorn,INFO,请求开始: GET http://localhost:8000/static/js/logs.js
2025-12-16 12:45:50,510,uvicorn,INFO,请求完成: GET http://localhost:8000/static/js/logs.js 状态码: 304 耗时: 0.00s
2025-12-16 12:45:55,398,uvicorn,INFO,请求开始: GET http://localhost:8000/apilog/get_logs?str_date=2025-12-16&end_date=&level=&keyword=
2025-12-16 12:45:55,431,uvicorn,INFO,请求完成: GET http://localhost:8000/apilog/get_logs?str_date=2025-12-16&end_date=&level=&keyword= 状态码: 200 耗时: 0.03s
2025-12-16 12:47:11,717,uvicorn,INFO,请求开始: GET http://localhost:8000/apilog/get_logs?str_date=2025-12-16&end_date=&level=&keyword=
2025-12-16 12:47:11,744,uvicorn,INFO,请求完成: GET http://localhost:8000/apilog/get_logs?str_date=2025-12-16&end_date=&level=&keyword= 状态码: 200 耗时: 0.03s
2025-12-16 12:59:36,750,uvicorn.error,INFO,Shutting down
2025-12-16 12:59:36,861,uvicorn.error,INFO,Waiting for application shutdown.
2025-12-16 12:59:36,869,uvicorn,INFO,应用关闭中...
2025-12-16 12:59:36,869,uvicorn,INFO,日志系统关闭
2025-12-16 12:59:36,870,uvicorn.error,INFO,Application shutdown complete.
2025-12-16 12:59:36,871,uvicorn.error,INFO,Finished server process [16256]
2025-12-16 12:59:48,936,uvicorn.error,INFO,Started server process [15008]
2025-12-16 12:59:48,937,uvicorn.error,INFO,Waiting for application startup.
2025-12-16 12:59:48,937,uvicorn,INFO,应用启动中...
2025-12-16 12:59:48,938,uvicorn,INFO,日志系统初始化完成
2025-12-16 12:59:48,938,uvicorn.error,INFO,Application startup complete.
2025-12-16 12:59:55,611,uvicorn,INFO,请求开始: GET http://localhost:8000/apilog/logs
2025-12-16 12:59:55,612,uvicorn,INFO,请求完成: GET http://localhost:8000/apilog/logs 状态码: 401 耗时: 0.00s
2025-12-16 12:59:55,918,uvicorn,INFO,请求开始: GET http://localhost:8000/.well-known/appspecific/com.chrome.devtools.json
2025-12-16 12:59:55,919,uvicorn,INFO,请求完成: GET http://localhost:8000/.well-known/appspecific/com.chrome.devtools.json 状态码: 404 耗时: 0.00s
2025-12-16 12:59:56,029,uvicorn,INFO,请求开始: GET http://localhost:8000/apilog/logs
2025-12-16 12:59:56,030,uvicorn,INFO,请求完成: GET http://localhost:8000/apilog/logs 状态码: 401 耗时: 0.00s
2025-12-16 12:59:56,280,uvicorn,INFO,请求开始: GET http://localhost:8000/.well-known/appspecific/com.chrome.devtools.json
2025-12-16 12:59:56,281,uvicorn,INFO,请求完成: GET http://localhost:8000/.well-known/appspecific/com.chrome.devtools.json 状态码: 404 耗时: 0.00s
2025-12-16 13:00:23,336,uvicorn,INFO,请求开始: GET http://localhost:8000/
2025-12-16 13:00:23,337,uvicorn,INFO,函数 goto_login_page 开始执行
2025-12-16 13:00:23,342,uvicorn,INFO,函数 goto_login_page 执行完成，响应数据: <starlette.templating._TemplateResponse object at 0x0000017B8091E6A0>
2025-12-16 13:00:23,343,uvicorn,INFO,请求完成: GET http://localhost:8000/ 状态码: 200 耗时: 0.01s
2025-12-16 13:00:23,465,uvicorn,INFO,请求开始: GET http://localhost:8000/.well-known/appspecific/com.chrome.devtools.json
2025-12-16 13:00:23,466,uvicorn,INFO,请求完成: GET http://localhost:8000/.well-known/appspecific/com.chrome.devtools.json 状态码: 404 耗时: 0.00s
2025-12-16 13:00:23,582,uvicorn,INFO,请求开始: GET http://localhost:8000/login
2025-12-16 13:00:23,597,uvicorn,INFO,请求完成: GET http://localhost:8000/login 状态码: 200 耗时: 0.01s
2025-12-16 13:00:23,805,uvicorn,INFO,请求开始: GET http://localhost:8000/.well-known/appspecific/com.chrome.devtools.json
2025-12-16 13:00:23,806,uvicorn,INFO,请求完成: GET http://localhost:8000/.well-known/appspecific/com.chrome.devtools.json 状态码: 404 耗时: 0.00s
2025-12-16 13:00:23,989,uvicorn,INFO,请求开始: GET http://localhost:8000/api/verify
2025-12-16 13:00:23,991,uvicorn,INFO,请求完成: GET http://localhost:8000/api/verify 状态码: 401 耗时: 0.00s
2025-12-16 13:00:25,716,uvicorn,INFO,请求开始: POST http://localhost:8000/api/login
2025-12-16 13:00:25,982,uvicorn,INFO,请求完成: POST http://localhost:8000/api/login 状态码: 200 耗时: 0.27s
2025-12-16 13:00:27,038,uvicorn,INFO,请求开始: GET http://localhost:8000/index
2025-12-16 13:00:27,057,uvicorn,INFO,请求完成: GET http://localhost:8000/index 状态码: 200 耗时: 0.02s
2025-12-16 13:00:27,314,uvicorn,INFO,请求开始: GET http://localhost:8000/.well-known/appspecific/com.chrome.devtools.json
2025-12-16 13:00:27,315,uvicorn,INFO,请求完成: GET http://localhost:8000/.well-known/appspecific/com.chrome.devtools.json 状态码: 404 耗时: 0.00s
2025-12-16 13:00:27,827,uvicorn,INFO,请求开始: GET http://localhost:8000/api/verify
2025-12-16 13:00:27,829,uvicorn,INFO,请求完成: GET http://localhost:8000/api/verify 状态码: 200 耗时: 0.00s
2025-12-16 13:00:33,777,uvicorn,INFO,请求开始: GET http://localhost:8000/index
2025-12-16 13:00:33,779,uvicorn,INFO,请求完成: GET http://localhost:8000/index 状态码: 200 耗时: 0.00s
2025-12-16 13:00:33,919,uvicorn,INFO,请求开始: GET http://localhost:8000/.well-known/appspecific/com.chrome.devtools.json
2025-12-16 13:00:33,931,uvicorn,INFO,请求完成: GET http://localhost:8000/.well-known/appspecific/com.chrome.devtools.json 状态码: 404 耗时: 0.01s
2025-12-16 13:00:34,350,uvicorn,INFO,请求开始: GET http://localhost:8000/api/verify
2025-12-16 13:00:34,352,uvicorn,INFO,请求完成: GET http://localhost:8000/api/verify 状态码: 200 耗时: 0.00s
2025-12-16 13:00:37,798,uvicorn,INFO,请求开始: GET http://localhost:8000/apilog/logs
2025-12-16 13:00:37,818,uvicorn,INFO,请求完成: GET http://localhost:8000/apilog/logs 状态码: 200 耗时: 0.02s
2025-12-16 13:00:38,167,uvicorn,INFO,请求开始: GET http://localhost:8000/.well-known/appspecific/com.chrome.devtools.json
2025-12-16 13:00:38,169,uvicorn,INFO,请求完成: GET http://localhost:8000/.well-known/appspecific/com.chrome.devtools.json 状态码: 404 耗时: 0.00s
2025-12-16 13:00:40,102,uvicorn,INFO,请求开始: GET http://localhost:8000/apilog/get_logs?str_date=&end_date=&level=&keyword=
2025-12-16 13:00:40,135,uvicorn,INFO,请求完成: GET http://localhost:8000/apilog/get_logs?str_date=&end_date=&level=&keyword= 状态码: 200 耗时: 0.03s
2025-12-16 13:00:48,429,uvicorn,INFO,请求开始: GET http://localhost:8000/apilog/get_logs?str_date=2025-12-31&end_date=&level=&keyword=
2025-12-16 13:00:48,460,uvicorn,INFO,请求完成: GET http://localhost:8000/apilog/get_logs?str_date=2025-12-31&end_date=&level=&keyword= 状态码: 200 耗时: 0.03s
2025-12-16 13:00:50,279,uvicorn,INFO,请求开始: GET http://localhost:8000/apilog/get_logs?str_date=2025-12-31&end_date=&level=&keyword=
2025-12-16 13:00:50,311,uvicorn,INFO,请求完成: GET http://localhost:8000/apilog/get_logs?str_date=2025-12-31&end_date=&level=&keyword= 状态码: 200 耗时: 0.03s
2025-12-16 13:00:51,622,uvicorn,INFO,请求开始: GET http://localhost:8000/apilog/get_logs?str_date=2025-12-31&end_date=&level=&keyword=
2025-12-16 13:00:51,651,uvicorn,INFO,请求完成: GET http://localhost:8000/apilog/get_logs?str_date=2025-12-31&end_date=&level=&keyword= 状态码: 200 耗时: 0.03s
2025-12-16 13:00:52,212,uvicorn,INFO,请求开始: GET http://localhost:8000/apilog/get_logs?str_date=2025-12-31&end_date=&level=&keyword=
2025-12-16 13:00:52,241,uvicorn,INFO,请求完成: GET http://localhost:8000/apilog/get_logs?str_date=2025-12-31&end_date=&level=&keyword= 状态码: 200 耗时: 0.03s
2025-12-16 13:00:52,628,uvicorn,INFO,请求开始: GET http://localhost:8000/apilog/get_logs?str_date=2025-12-31&end_date=&level=&keyword=
2025-12-16 13:00:52,662,uvicorn,INFO,请求完成: GET http://localhost:8000/apilog/get_logs?str_date=2025-12-31&end_date=&level=&keyword= 状态码: 200 耗时: 0.03s
2025-12-16 13:00:57,532,uvicorn,INFO,请求开始: GET http://localhost:8000/apilog/get_logs?str_date=2025-12-11&end_date=&level=&keyword=
2025-12-16 13:00:57,562,uvicorn,INFO,请求完成: GET http://localhost:8000/apilog/get_logs?str_date=2025-12-11&end_date=&level=&keyword= 状态码: 200 耗时: 0.03s
2025-12-16 13:03:02,770,uvicorn,INFO,请求开始: GET http://localhost:8000/apilog/logs
2025-12-16 13:03:02,772,uvicorn,INFO,请求完成: GET http://localhost:8000/apilog/logs 状态码: 200 耗时: 0.00s
2025-12-16 13:03:02,858,uvicorn,INFO,请求开始: GET http://localhost:8000/.well-known/appspecific/com.chrome.devtools.json
2025-12-16 13:03:02,859,uvicorn,INFO,请求完成: GET http://localhost:8000/.well-known/appspecific/com.chrome.devtools.json 状态码: 404 耗时: 0.00s
2025-12-16 13:03:20,209,uvicorn,INFO,请求开始: GET http://localhost:8000/apilog/logs
2025-12-16 13:03:20,210,uvicorn,INFO,请求完成: GET http://localhost:8000/apilog/logs 状态码: 200 耗时: 0.00s
2025-12-16 13:03:20,336,uvicorn,INFO,请求开始: GET http://localhost:8000/.well-known/appspecific/com.chrome.devtools.json
2025-12-16 13:03:20,339,uvicorn,INFO,请求完成: GET http://localhost:8000/.well-known/appspecific/com.chrome.devtools.json 状态码: 404 耗时: 0.00s
2025-12-16 13:03:30,286,uvicorn,INFO,请求开始: GET http://localhost:8000/apilog/logs
2025-12-16 13:03:30,287,uvicorn,INFO,请求完成: GET http://localhost:8000/apilog/logs 状态码: 401 耗时: 0.00s
2025-12-16 13:03:30,550,uvicorn,INFO,请求开始: GET http://localhost:8000/.well-known/appspecific/com.chrome.devtools.json
2025-12-16 13:03:30,551,uvicorn,INFO,请求完成: GET http://localhost:8000/.well-known/appspecific/com.chrome.devtools.json 状态码: 404 耗时: 0.00s
2025-12-16 13:03:34,267,uvicorn,INFO,请求开始: GET http://localhost:8000/
2025-12-16 13:03:34,268,uvicorn,INFO,函数 goto_login_page 开始执行
2025-12-16 13:03:34,269,uvicorn,INFO,函数 goto_login_page 执行完成，响应数据: <starlette.templating._TemplateResponse object at 0x0000017B80949E20>
2025-12-16 13:03:34,270,uvicorn,INFO,请求完成: GET http://localhost:8000/ 状态码: 200 耗时: 0.00s
2025-12-16 13:03:34,465,uvicorn,INFO,请求开始: GET http://localhost:8000/.well-known/appspecific/com.chrome.devtools.json
2025-12-16 13:03:34,466,uvicorn,INFO,请求完成: GET http://localhost:8000/.well-known/appspecific/com.chrome.devtools.json 状态码: 404 耗时: 0.00s
2025-12-16 13:03:34,479,uvicorn,INFO,请求开始: GET http://localhost:8000/login
2025-12-16 13:03:34,480,uvicorn,INFO,请求完成: GET http://localhost:8000/login 状态码: 200 耗时: 0.00s
2025-12-16 13:03:34,687,uvicorn,INFO,请求开始: GET http://localhost:8000/.well-known/appspecific/com.chrome.devtools.json
2025-12-16 13:03:34,691,uvicorn,INFO,请求完成: GET http://localhost:8000/.well-known/appspecific/com.chrome.devtools.json 状态码: 404 耗时: 0.00s
2025-12-16 13:03:34,775,uvicorn,INFO,请求开始: GET http://localhost:8000/static/css/styles.css
2025-12-16 13:03:34,782,uvicorn,INFO,请求开始: GET http://localhost:8000/static/js/script.js
2025-12-16 13:03:35,234,uvicorn,INFO,请求完成: GET http://localhost:8000/static/css/styles.css 状态码: 200 耗时: 0.46s
2025-12-16 13:03:35,237,uvicorn,INFO,请求完成: GET http://localhost:8000/static/js/script.js 状态码: 200 耗时: 0.45s
2025-12-16 13:03:35,402,uvicorn,INFO,请求开始: GET http://localhost:8000/api/verify
2025-12-16 13:03:35,403,uvicorn,INFO,请求完成: GET http://localhost:8000/api/verify 状态码: 401 耗时: 0.00s
2025-12-16 13:03:36,367,uvicorn,INFO,请求开始: POST http://localhost:8000/api/login
2025-12-16 13:03:36,713,uvicorn,INFO,请求完成: POST http://localhost:8000/api/login 状态码: 200 耗时: 0.35s
2025-12-16 13:03:37,736,uvicorn,INFO,请求开始: GET http://localhost:8000/index
2025-12-16 13:03:37,738,uvicorn,INFO,请求完成: GET http://localhost:8000/index 状态码: 200 耗时: 0.00s
2025-12-16 13:03:37,910,uvicorn,INFO,请求开始: GET http://localhost:8000/.well-known/appspecific/com.chrome.devtools.json
2025-12-16 13:03:37,911,uvicorn,INFO,请求完成: GET http://localhost:8000/.well-known/appspecific/com.chrome.devtools.json 状态码: 404 耗时: 0.00s
2025-12-16 13:03:37,915,uvicorn,INFO,请求开始: GET http://localhost:8000/static/css/bootstrap.css
2025-12-16 13:03:37,918,uvicorn,INFO,请求开始: GET http://localhost:8000/static/js/jquery-3.5.1.min.js
2025-12-16 13:03:37,923,uvicorn,INFO,请求完成: GET http://localhost:8000/static/css/bootstrap.css 状态码: 200 耗时: 0.01s
2025-12-16 13:03:37,966,uvicorn,INFO,请求完成: GET http://localhost:8000/static/js/jquery-3.5.1.min.js 状态码: 200 耗时: 0.05s
2025-12-16 13:03:38,113,uvicorn,INFO,请求开始: GET http://localhost:8000/static/js/bootstrap.min.js
2025-12-16 13:03:38,115,uvicorn,INFO,请求完成: GET http://localhost:8000/static/js/bootstrap.min.js 状态码: 200 耗时: 0.00s
2025-12-16 13:03:38,121,uvicorn,INFO,请求开始: GET http://localhost:8000/static/js/index.js
2025-12-16 13:03:38,134,uvicorn,INFO,请求完成: GET http://localhost:8000/static/js/index.js 状态码: 200 耗时: 0.01s
2025-12-16 13:03:38,223,uvicorn,INFO,请求开始: GET http://localhost:8000/static/image/tx.jpg
2025-12-16 13:03:38,226,uvicorn,INFO,请求完成: GET http://localhost:8000/static/image/tx.jpg 状态码: 200 耗时: 0.00s
2025-12-16 13:03:38,607,uvicorn,INFO,请求开始: GET http://localhost:8000/static/image/logo.png
2025-12-16 13:03:38,609,uvicorn,INFO,请求开始: GET http://localhost:8000/static/css/bootstrap.css.map
2025-12-16 13:03:38,620,uvicorn,INFO,请求完成: GET http://localhost:8000/static/image/logo.png 状态码: 200 耗时: 0.01s
2025-12-16 13:03:38,626,uvicorn,INFO,请求完成: GET http://localhost:8000/static/css/bootstrap.css.map 状态码: 200 耗时: 0.02s
2025-12-16 13:03:38,713,uvicorn,INFO,请求开始: GET http://localhost:8000/api/verify
2025-12-16 13:03:38,715,uvicorn,INFO,请求开始: GET http://localhost:8000/static/image/favicon.png
2025-12-16 13:03:38,716,uvicorn,INFO,请求完成: GET http://localhost:8000/api/verify 状态码: 200 耗时: 0.00s
2025-12-16 13:03:38,748,uvicorn,INFO,请求完成: GET http://localhost:8000/static/image/favicon.png 状态码: 200 耗时: 0.03s
2025-12-16 13:03:42,641,uvicorn,INFO,请求开始: GET http://localhost:8000/apilog/logs
2025-12-16 13:03:42,642,uvicorn,INFO,请求完成: GET http://localhost:8000/apilog/logs 状态码: 200 耗时: 0.00s
2025-12-16 13:03:42,925,uvicorn,INFO,请求开始: GET http://localhost:8000/.well-known/appspecific/com.chrome.devtools.json
2025-12-16 13:03:42,926,uvicorn,INFO,请求开始: GET http://localhost:8000/static/js/logs.js
2025-12-16 13:03:42,927,uvicorn,INFO,请求完成: GET http://localhost:8000/.well-known/appspecific/com.chrome.devtools.json 状态码: 404 耗时: 0.00s
2025-12-16 13:03:42,932,uvicorn,INFO,请求完成: GET http://localhost:8000/static/js/logs.js 状态码: 200 耗时: 0.01s
2025-12-16 13:03:50,780,uvicorn,INFO,请求开始: GET http://localhost:8000/apilog/get_logs?str_date=2025-12-16&end_date=&level=&keyword=
2025-12-16 13:03:50,814,uvicorn,INFO,请求完成: GET http://localhost:8000/apilog/get_logs?str_date=2025-12-16&end_date=&level=&keyword= 状态码: 200 耗时: 0.03s
2025-12-16 13:05:03,086,uvicorn.error,INFO,Shutting down
2025-12-16 13:05:03,195,uvicorn.error,INFO,Waiting for application shutdown.
2025-12-16 13:05:03,195,uvicorn,INFO,应用关闭中...
2025-12-16 13:05:03,196,uvicorn,INFO,日志系统关闭
2025-12-16 13:05:03,196,uvicorn.error,INFO,Application shutdown complete.
2025-12-16 13:05:03,196,uvicorn.error,INFO,Finished server process [15008]
2025-12-16 13:06:24,316,uvicorn.error,INFO,Started server process [12412]
2025-12-16 13:06:24,316,uvicorn.error,INFO,Waiting for application startup.
2025-12-16 13:06:24,317,uvicorn,INFO,应用启动中...
2025-12-16 13:06:24,318,uvicorn,INFO,日志系统初始化完成
2025-12-16 13:06:24,318,uvicorn.error,INFO,Application startup complete.
2025-12-16 13:06:28,749,uvicorn,INFO,请求开始: GET http://localhost:8000/
2025-12-16 13:06:28,750,uvicorn,INFO,函数 goto_login_page 开始执行
2025-12-16 13:06:28,752,uvicorn,INFO,函数 goto_login_page 执行完成，响应数据: <starlette.templating._TemplateResponse object at 0x000001D2BC0C7E50>
2025-12-16 13:06:28,753,uvicorn,INFO,请求完成: GET http://localhost:8000/ 状态码: 200 耗时: 0.00s
2025-12-16 13:06:29,110,uvicorn,INFO,请求开始: GET http://localhost:8000/.well-known/appspecific/com.chrome.devtools.json
2025-12-16 13:06:29,111,uvicorn,INFO,请求完成: GET http://localhost:8000/.well-known/appspecific/com.chrome.devtools.json 状态码: 404 耗时: 0.00s
2025-12-16 13:06:29,132,uvicorn,INFO,请求开始: GET http://localhost:8000/login
2025-12-16 13:06:29,135,uvicorn,INFO,请求完成: GET http://localhost:8000/login 状态码: 200 耗时: 0.00s
2025-12-16 13:06:29,411,uvicorn,INFO,请求开始: GET http://localhost:8000/.well-known/appspecific/com.chrome.devtools.json
2025-12-16 13:06:29,412,uvicorn,INFO,请求完成: GET http://localhost:8000/.well-known/appspecific/com.chrome.devtools.json 状态码: 404 耗时: 0.00s
2025-12-16 13:06:29,429,uvicorn,INFO,请求开始: GET http://localhost:8000/api/verify
2025-12-16 13:06:29,431,uvicorn,INFO,请求完成: GET http://localhost:8000/api/verify 状态码: 200 耗时: 0.00s
2025-12-16 13:06:32,398,uvicorn,INFO,请求开始: POST http://localhost:8000/api/logout
2025-12-16 13:06:32,399,uvicorn,INFO,请求完成: POST http://localhost:8000/api/logout 状态码: 200 耗时: 0.00s
2025-12-16 13:06:32,476,uvicorn,INFO,请求开始: GET http://localhost:8000/login
2025-12-16 13:06:32,477,uvicorn,INFO,请求完成: GET http://localhost:8000/login 状态码: 200 耗时: 0.00s
2025-12-16 13:06:32,705,uvicorn,INFO,请求开始: GET http://localhost:8000/.well-known/appspecific/com.chrome.devtools.json
2025-12-16 13:06:32,706,uvicorn,INFO,请求完成: GET http://localhost:8000/.well-known/appspecific/com.chrome.devtools.json 状态码: 404 耗时: 0.00s
2025-12-16 13:06:32,723,uvicorn,INFO,请求开始: GET http://localhost:8000/api/verify
2025-12-16 13:06:32,724,uvicorn,INFO,请求完成: GET http://localhost:8000/api/verify 状态码: 401 耗时: 0.00s
2025-12-16 13:06:33,648,uvicorn,INFO,请求开始: POST http://localhost:8000/api/login
2025-12-16 13:06:33,820,uvicorn,INFO,请求完成: POST http://localhost:8000/api/login 状态码: 200 耗时: 0.17s
2025-12-16 13:06:34,865,uvicorn,INFO,请求开始: GET http://localhost:8000/index
2025-12-16 13:06:34,868,uvicorn,INFO,请求完成: GET http://localhost:8000/index 状态码: 200 耗时: 0.00s
2025-12-16 13:06:34,961,uvicorn,INFO,请求开始: GET http://localhost:8000/.well-known/appspecific/com.chrome.devtools.json
2025-12-16 13:06:34,961,uvicorn,INFO,请求完成: GET http://localhost:8000/.well-known/appspecific/com.chrome.devtools.json 状态码: 404 耗时: 0.00s
2025-12-16 13:06:35,258,uvicorn,INFO,请求开始: GET http://localhost:8000/api/verify
2025-12-16 13:06:35,260,uvicorn,INFO,请求完成: GET http://localhost:8000/api/verify 状态码: 200 耗时: 0.00s
2025-12-16 13:06:40,055,uvicorn,INFO,请求开始: GET http://localhost:8000/apilog/logs
2025-12-16 13:06:40,059,uvicorn,INFO,请求完成: GET http://localhost:8000/apilog/logs 状态码: 200 耗时: 0.00s
2025-12-16 13:06:40,408,uvicorn,INFO,请求开始: GET http://localhost:8000/.well-known/appspecific/com.chrome.devtools.json
2025-12-16 13:06:40,409,uvicorn,INFO,请求完成: GET http://localhost:8000/.well-known/appspecific/com.chrome.devtools.json 状态码: 404 耗时: 0.00s
2025-12-16 13:06:40,415,uvicorn,INFO,请求开始: GET http://localhost:8000/static/js/logs.js
2025-12-16 13:06:40,890,uvicorn,INFO,请求完成: GET http://localhost:8000/static/js/logs.js 状态码: 304 耗时: 0.47s
2025-12-16 13:06:52,187,uvicorn,INFO,请求开始: GET http://localhost:8000/apilog/get_logs?str_date=2025-12-16&end_date=&level=&keyword=
2025-12-16 13:06:52,257,uvicorn,INFO,请求完成: GET http://localhost:8000/apilog/get_logs?str_date=2025-12-16&end_date=&level=&keyword= 状态码: 200 耗时: 0.07s
2025-12-16 13:07:04,578,uvicorn,INFO,请求开始: GET http://localhost:8000/apilog/get_logs?str_date=2025-12-10&end_date=2025-12-13&level=&keyword=
2025-12-16 13:07:04,618,uvicorn,INFO,请求完成: GET http://localhost:8000/apilog/get_logs?str_date=2025-12-10&end_date=2025-12-13&level=&keyword= 状态码: 200 耗时: 0.04s
2025-12-16 13:07:42,314,uvicorn,INFO,请求开始: GET http://localhost:8000/apilog/get_logs?str_date=2025-12-10&end_date=2025-12-13&level=&keyword=login
2025-12-16 13:07:42,358,uvicorn,INFO,请求完成: GET http://localhost:8000/apilog/get_logs?str_date=2025-12-10&end_date=2025-12-13&level=&keyword=login 状态码: 200 耗时: 0.04s
2025-12-16 13:07:47,915,uvicorn,INFO,请求开始: GET http://localhost:8000/apilog/get_logs?str_date=2025-12-10&end_date=2025-12-13&level=&keyword=login
2025-12-16 13:07:47,952,uvicorn,INFO,请求完成: GET http://localhost:8000/apilog/get_logs?str_date=2025-12-10&end_date=2025-12-13&level=&keyword=login 状态码: 200 耗时: 0.04s
2025-12-16 13:09:30,380,uvicorn.error,INFO,Shutting down
2025-12-16 13:09:30,490,uvicorn.error,INFO,Waiting for application shutdown.
2025-12-16 13:09:30,490,uvicorn,INFO,应用关闭中...
2025-12-16 13:09:30,490,uvicorn,INFO,日志系统关闭
2025-12-16 13:09:30,490,uvicorn.error,INFO,Application shutdown complete.
2025-12-16 13:09:30,491,uvicorn.error,INFO,Finished server process [12412]
2025-12-16 13:22:51,983,uvicorn.error,INFO,Started server process [5928]
2025-12-16 13:22:51,984,uvicorn.error,INFO,Waiting for application startup.
2025-12-16 13:22:51,984,uvicorn,INFO,应用启动中...
2025-12-16 13:22:51,984,uvicorn,INFO,日志系统初始化完成
2025-12-16 13:22:51,985,uvicorn.error,INFO,Application startup complete.
2025-12-16 13:24:31,975,uvicorn.error,INFO,Shutting down
2025-12-16 13:24:32,086,uvicorn.error,INFO,Waiting for application shutdown.
2025-12-16 13:24:32,087,uvicorn,INFO,应用关闭中...
2025-12-16 13:24:32,087,uvicorn,INFO,日志系统关闭
2025-12-16 13:24:32,088,uvicorn.error,INFO,Application shutdown complete.
2025-12-16 13:24:32,088,uvicorn.error,INFO,Finished server process [5928]
2025-12-16 13:29:35,476,uvicorn.error,INFO,Started server process [13332]
2025-12-16 13:29:35,477,uvicorn.error,INFO,Waiting for application startup.
2025-12-16 13:29:35,477,uvicorn,INFO,应用启动中...
2025-12-16 13:29:35,478,uvicorn,INFO,日志系统初始化完成
2025-12-16 13:29:35,478,uvicorn.error,INFO,Application startup complete.
2025-12-16 13:29:46,857,uvicorn,INFO,请求开始: GET http://localhost:8000/apilog/logs
2025-12-16 13:29:46,859,uvicorn,INFO,请求完成: GET http://localhost:8000/apilog/logs 状态码: 401 耗时: 0.00s
2025-12-16 13:29:47,061,uvicorn,INFO,请求开始: GET http://localhost:8000/.well-known/appspecific/com.chrome.devtools.json
2025-12-16 13:29:47,062,uvicorn,INFO,请求完成: GET http://localhost:8000/.well-known/appspecific/com.chrome.devtools.json 状态码: 404 耗时: 0.00s
2025-12-16 13:29:55,958,uvicorn,INFO,请求开始: GET http://localhost:8000/
2025-12-16 13:29:55,959,uvicorn,INFO,函数 goto_login_page 开始执行
2025-12-16 13:29:56,015,uvicorn,INFO,函数 goto_login_page 执行完成，响应数据: <starlette.templating._TemplateResponse object at 0x0000020068FE4D60>
2025-12-16 13:29:56,015,uvicorn,INFO,请求完成: GET http://localhost:8000/ 状态码: 200 耗时: 0.06s
2025-12-16 13:29:56,329,uvicorn,INFO,请求开始: GET http://localhost:8000/.well-known/appspecific/com.chrome.devtools.json
2025-12-16 13:29:56,330,uvicorn,INFO,请求完成: GET http://localhost:8000/.well-known/appspecific/com.chrome.devtools.json 状态码: 404 耗时: 0.00s
2025-12-16 13:29:56,333,uvicorn,INFO,请求开始: GET http://localhost:8000/login
2025-12-16 13:29:56,362,uvicorn,INFO,请求完成: GET http://localhost:8000/login 状态码: 200 耗时: 0.03s
2025-12-16 13:29:56,448,uvicorn,INFO,请求开始: GET http://localhost:8000/.well-known/appspecific/com.chrome.devtools.json
2025-12-16 13:29:56,460,uvicorn,INFO,请求完成: GET http://localhost:8000/.well-known/appspecific/com.chrome.devtools.json 状态码: 404 耗时: 0.01s
2025-12-16 13:29:56,718,uvicorn,INFO,请求开始: GET http://localhost:8000/api/verify
2025-12-16 13:29:56,720,uvicorn,INFO,请求完成: GET http://localhost:8000/api/verify 状态码: 401 耗时: 0.00s
2025-12-16 13:29:58,625,uvicorn,INFO,请求开始: POST http://localhost:8000/api/login
2025-12-16 13:29:58,949,uvicorn,INFO,请求完成: POST http://localhost:8000/api/login 状态码: 200 耗时: 0.32s
2025-12-16 13:30:00,006,uvicorn,INFO,请求开始: GET http://localhost:8000/index
2025-12-16 13:30:00,034,uvicorn,INFO,请求完成: GET http://localhost:8000/index 状态码: 200 耗时: 0.03s
2025-12-16 13:30:00,412,uvicorn,INFO,请求开始: GET http://localhost:8000/.well-known/appspecific/com.chrome.devtools.json
2025-12-16 13:30:00,413,uvicorn,INFO,请求完成: GET http://localhost:8000/.well-known/appspecific/com.chrome.devtools.json 状态码: 404 耗时: 0.00s
2025-12-16 13:30:00,511,uvicorn,INFO,请求开始: GET http://localhost:8000/api/verify
2025-12-16 13:30:00,513,uvicorn,INFO,请求完成: GET http://localhost:8000/api/verify 状态码: 200 耗时: 0.00s
2025-12-16 13:30:04,031,uvicorn,INFO,请求开始: GET http://localhost:8000/apilog/logs
2025-12-16 13:30:04,062,uvicorn,INFO,请求完成: GET http://localhost:8000/apilog/logs 状态码: 200 耗时: 0.03s
2025-12-16 13:30:04,422,uvicorn,INFO,请求开始: GET http://localhost:8000/.well-known/appspecific/com.chrome.devtools.json
2025-12-16 13:30:04,424,uvicorn,INFO,请求完成: GET http://localhost:8000/.well-known/appspecific/com.chrome.devtools.json 状态码: 404 耗时: 0.00s
2025-12-16 13:30:04,520,uvicorn,INFO,请求开始: GET http://localhost:8000/static/js/logs.js
2025-12-16 13:30:04,912,uvicorn,INFO,请求完成: GET http://localhost:8000/static/js/logs.js 状态码: 304 耗时: 0.39s
2025-12-16 13:30:20,919,uvicorn,INFO,请求开始: GET http://localhost:8000/apilog/get_logs?str_date=2025-12-16&end_date=2025-12-16&level=&keyword=
2025-12-16 13:30:20,970,uvicorn,INFO,请求完成: GET http://localhost:8000/apilog/get_logs?str_date=2025-12-16&end_date=2025-12-16&level=&keyword= 状态码: 200 耗时: 0.05s
2025-12-16 13:30:36,543,uvicorn,INFO,请求开始: GET http://localhost:8000/apilog/get_logs?str_date=2025-12-16&end_date=2025-12-16&level=&keyword=%E8%AF%B7%E6%B1%82%E5%BC%80%E5%A7%8B
2025-12-16 13:30:36,596,uvicorn,INFO,请求完成: GET http://localhost:8000/apilog/get_logs?str_date=2025-12-16&end_date=2025-12-16&level=&keyword=%E8%AF%B7%E6%B1%82%E5%BC%80%E5%A7%8B 状态码: 200 耗时: 0.05s
2025-12-16 13:53:59,359,uvicorn.error,INFO,Shutting down
2025-12-16 13:53:59,470,uvicorn.error,INFO,Waiting for application shutdown.
2025-12-16 13:53:59,471,uvicorn,INFO,应用关闭中...
2025-12-16 13:53:59,471,uvicorn,INFO,日志系统关闭
2025-12-16 13:53:59,471,uvicorn.error,INFO,Application shutdown complete.
2025-12-16 13:53:59,471,uvicorn.error,INFO,Finished server process [13332]
2026-01-09 16:33:37,316,uvicorn.error,INFO,Started server process [11928]
2026-01-09 16:33:37,319,uvicorn.error,INFO,Waiting for application startup.
2026-01-09 16:33:37,320,uvicorn,INFO,应用启动中...
2026-01-09 16:33:37,320,uvicorn,INFO,日志系统初始化完成
2026-01-09 16:33:37,320,uvicorn.error,INFO,Application startup complete.
2026-01-09 16:33:56,312,uvicorn,INFO,请求开始: GET http://localhost:8000/
2026-01-09 16:33:56,313,uvicorn,INFO,函数 goto_login_page 开始执行
2026-01-09 16:33:56,317,uvicorn,INFO,函数 goto_login_page 执行完成，响应数据: <starlette.templating._TemplateResponse object at 0x000002434B750E50>
2026-01-09 16:33:56,332,uvicorn,INFO,请求完成: GET http://localhost:8000/ 状态码: 200 耗时: 0.00s
2026-01-09 16:33:56,386,uvicorn,INFO,请求开始: GET http://localhost:8000/login
2026-01-09 16:33:56,403,uvicorn,INFO,请求完成: GET http://localhost:8000/login 状态码: 200 耗时: 0.02s
2026-01-09 16:33:56,494,uvicorn,INFO,请求开始: GET http://localhost:8000/static/css/styles.css
2026-01-09 16:33:56,498,uvicorn,INFO,请求开始: GET http://localhost:8000/static/js/script.js
2026-01-09 16:33:57,016,uvicorn,INFO,请求完成: GET http://localhost:8000/static/css/styles.css 状态码: 200 耗时: 0.52s
2026-01-09 16:33:57,017,uvicorn,INFO,请求完成: GET http://localhost:8000/static/js/script.js 状态码: 200 耗时: 0.52s
2026-01-09 16:33:57,132,uvicorn,INFO,请求开始: GET http://localhost:8000/api/verify
2026-01-09 16:33:57,133,uvicorn,INFO,请求完成: GET http://localhost:8000/api/verify 状态码: 401 耗时: 0.00s
2026-01-09 16:33:57,136,uvicorn,INFO,请求开始: GET http://localhost:8000/favicon.ico
2026-01-09 16:33:57,138,uvicorn,INFO,请求完成: GET http://localhost:8000/favicon.ico 状态码: 404 耗时: 0.00s
2026-01-09 16:33:58,676,uvicorn,INFO,请求开始: POST http://localhost:8000/api/login
2026-01-09 16:33:59,050,uvicorn,INFO,请求完成: POST http://localhost:8000/api/login 状态码: 200 耗时: 0.37s
2026-01-09 16:34:00,112,uvicorn,INFO,请求开始: GET http://localhost:8000/index
2026-01-09 16:34:00,128,uvicorn,INFO,请求完成: GET http://localhost:8000/index 状态码: 200 耗时: 0.02s
2026-01-09 16:34:00,235,uvicorn,INFO,请求开始: GET http://localhost:8000/static/css/bootstrap.css
2026-01-09 16:34:00,241,uvicorn,INFO,请求开始: GET http://localhost:8000/static/js/jquery-3.5.1.min.js
2026-01-09 16:34:00,241,uvicorn,INFO,请求开始: GET http://localhost:8000/static/js/bootstrap.min.js
2026-01-09 16:34:00,267,uvicorn,INFO,请求完成: GET http://localhost:8000/static/css/bootstrap.css 状态码: 200 耗时: 0.03s
2026-01-09 16:34:00,268,uvicorn,INFO,请求完成: GET http://localhost:8000/static/js/jquery-3.5.1.min.js 状态码: 200 耗时: 0.03s
2026-01-09 16:34:00,273,uvicorn,INFO,请求完成: GET http://localhost:8000/static/js/bootstrap.min.js 状态码: 200 耗时: 0.03s
2026-01-09 16:34:00,316,uvicorn,INFO,请求开始: GET http://localhost:8000/static/js/index.js
2026-01-09 16:34:00,320,uvicorn,INFO,请求开始: GET http://localhost:8000/static/image/tx.jpg
2026-01-09 16:34:00,324,uvicorn,INFO,请求完成: GET http://localhost:8000/static/js/index.js 状态码: 200 耗时: 0.01s
2026-01-09 16:34:00,330,uvicorn,INFO,请求完成: GET http://localhost:8000/static/image/tx.jpg 状态码: 200 耗时: 0.01s
2026-01-09 16:34:00,465,uvicorn,INFO,请求开始: GET http://localhost:8000/static/image/logo.png
2026-01-09 16:34:00,468,uvicorn,INFO,请求完成: GET http://localhost:8000/static/image/logo.png 状态码: 200 耗时: 0.00s
2026-01-09 16:34:00,500,uvicorn,INFO,请求开始: GET http://localhost:8000/api/verify
2026-01-09 16:34:00,501,uvicorn,INFO,请求开始: GET http://localhost:8000/static/image/favicon.png
2026-01-09 16:34:00,502,uvicorn,INFO,请求完成: GET http://localhost:8000/api/verify 状态码: 200 耗时: 0.00s
2026-01-09 16:34:00,510,uvicorn,INFO,请求完成: GET http://localhost:8000/static/image/favicon.png 状态码: 200 耗时: 0.01s
2026-01-09 16:34:01,931,uvicorn,INFO,请求开始: GET http://localhost:8000/docs
2026-01-09 16:34:01,932,uvicorn,ERROR,中间件处理异常: get_swagger_ui_html() missing 1 required keyword-only argument: 'openapi_url'
2026-01-09 16:34:01,933,uvicorn.error,ERROR,Exception in ASGI application
  + Exception Group Traceback (most recent call last):
  |   File "E:\PYTHON_PG\FastAPI-DENNISCHEN\.venv\lib\site-packages\starlette\_utils.py", line 76, in collapse_excgroups
  |     yield
  |   File "E:\PYTHON_PG\FastAPI-DENNISCHEN\.venv\lib\site-packages\starlette\middleware\base.py", line 189, in __call__
  |     response_sent.set()
  |   File "E:\PYTHON_PG\FastAPI-DENNISCHEN\.venv\lib\site-packages\anyio\_backends\_asyncio.py", line 685, in __aexit__
  |     raise BaseExceptionGroup(
  | exceptiongroup.ExceptionGroup: unhandled errors in a TaskGroup (1 sub-exception)
  +-+---------------- 1 ----------------
    | Traceback (most recent call last):
    |   File "E:\PYTHON_PG\FastAPI-DENNISCHEN\.venv\lib\site-packages\uvicorn\protocols\http\h11_impl.py", line 403, in run_asgi
    |     result = await app(  # type: ignore[func-returns-value]
    |   File "E:\PYTHON_PG\FastAPI-DENNISCHEN\.venv\lib\site-packages\uvicorn\middleware\proxy_headers.py", line 60, in __call__
    |     return await self.app(scope, receive, send)
    |   File "E:\PYTHON_PG\FastAPI-DENNISCHEN\.venv\lib\site-packages\fastapi\applications.py", line 1134, in __call__
    |     await super().__call__(scope, receive, send)
    |   File "E:\PYTHON_PG\FastAPI-DENNISCHEN\.venv\lib\site-packages\starlette\applications.py", line 112, in __call__
    |     await self.middleware_stack(scope, receive, send)
    |   File "E:\PYTHON_PG\FastAPI-DENNISCHEN\.venv\lib\site-packages\starlette\middleware\errors.py", line 187, in __call__
    |     raise exc
    |   File "E:\PYTHON_PG\FastAPI-DENNISCHEN\.venv\lib\site-packages\starlette\middleware\errors.py", line 165, in __call__
    |     await self.app(scope, receive, _send)
    |   File "E:\PYTHON_PG\FastAPI-DENNISCHEN\.venv\lib\site-packages\starlette\middleware\cors.py", line 85, in __call__
    |     await self.app(scope, receive, send)
    |   File "E:\PYTHON_PG\FastAPI-DENNISCHEN\.venv\lib\site-packages\starlette\middleware\base.py", line 189, in __call__
    |     response_sent.set()
    |   File "D:\Python\Python38\lib\contextlib.py", line 131, in __exit__
    |     self.gen.throw(type, value, traceback)
    |   File "E:\PYTHON_PG\FastAPI-DENNISCHEN\.venv\lib\site-packages\starlette\_utils.py", line 82, in collapse_excgroups
    |     raise exc
    |   File "E:\PYTHON_PG\FastAPI-DENNISCHEN\.venv\lib\site-packages\starlette\middleware\base.py", line 187, in __call__
    |     response = await self.dispatch_func(request, call_next)
    |   File "E:\PYTHON_PG\FastAPI-DENNISCHEN\apilog\log_middleware.py", line 40, in dispatch
    |     response = await call_next(request)
    |   File "E:\PYTHON_PG\FastAPI-DENNISCHEN\.venv\lib\site-packages\starlette\middleware\base.py", line 163, in call_next
    |     raise app_exc
    |   File "E:\PYTHON_PG\FastAPI-DENNISCHEN\.venv\lib\site-packages\starlette\middleware\base.py", line 149, in coro
    |     await self.app(scope, receive_or_disconnect, send_no_error)
    |   File "E:\PYTHON_PG\FastAPI-DENNISCHEN\.venv\lib\site-packages\starlette\middleware\exceptions.py", line 62, in __call__
    |     await wrap_app_handling_exceptions(self.app, conn)(scope, receive, send)
    |   File "E:\PYTHON_PG\FastAPI-DENNISCHEN\.venv\lib\site-packages\starlette\_exception_handler.py", line 53, in wrapped_app
    |     raise exc
    |   File "E:\PYTHON_PG\FastAPI-DENNISCHEN\.venv\lib\site-packages\starlette\_exception_handler.py", line 42, in wrapped_app
    |     await app(scope, receive, sender)
    |   File "E:\PYTHON_PG\FastAPI-DENNISCHEN\.venv\lib\site-packages\fastapi\middleware\asyncexitstack.py", line 18, in __call__
    |     await self.app(scope, receive, send)
    |   File "E:\PYTHON_PG\FastAPI-DENNISCHEN\.venv\lib\site-packages\starlette\routing.py", line 715, in __call__
    |     await self.middleware_stack(scope, receive, send)
    |   File "E:\PYTHON_PG\FastAPI-DENNISCHEN\.venv\lib\site-packages\starlette\routing.py", line 735, in app
    |     await route.handle(scope, receive, send)
    |   File "E:\PYTHON_PG\FastAPI-DENNISCHEN\.venv\lib\site-packages\starlette\routing.py", line 288, in handle
    |     await self.app(scope, receive, send)
    |   File "E:\PYTHON_PG\FastAPI-DENNISCHEN\.venv\lib\site-packages\fastapi\routing.py", line 125, in app
    |     await wrap_app_handling_exceptions(app, request)(scope, receive, send)
    |   File "E:\PYTHON_PG\FastAPI-DENNISCHEN\.venv\lib\site-packages\starlette\_exception_handler.py", line 53, in wrapped_app
    |     raise exc
    |   File "E:\PYTHON_PG\FastAPI-DENNISCHEN\.venv\lib\site-packages\starlette\_exception_handler.py", line 42, in wrapped_app
    |     await app(scope, receive, sender)
    |   File "E:\PYTHON_PG\FastAPI-DENNISCHEN\.venv\lib\site-packages\fastapi\routing.py", line 111, in app
    |     response = await f(request)
    |   File "E:\PYTHON_PG\FastAPI-DENNISCHEN\.venv\lib\site-packages\fastapi\routing.py", line 391, in app
    |     raw_response = await run_endpoint_function(
    |   File "E:\PYTHON_PG\FastAPI-DENNISCHEN\.venv\lib\site-packages\fastapi\routing.py", line 290, in run_endpoint_function
    |     return await dependant.call(**values)
    |   File "E:\PYTHON_PG\FastAPI-DENNISCHEN\security\cookie.py", line 148, in protected_docs
    |     return get_swagger_ui_html(
    | TypeError: get_swagger_ui_html() missing 1 required keyword-only argument: 'openapi_url'
    +------------------------------------

During handling of the above exception, another exception occurred:

Traceback (most recent call last):
  File "E:\PYTHON_PG\FastAPI-DENNISCHEN\.venv\lib\site-packages\uvicorn\protocols\http\h11_impl.py", line 403, in run_asgi
    result = await app(  # type: ignore[func-returns-value]
  File "E:\PYTHON_PG\FastAPI-DENNISCHEN\.venv\lib\site-packages\uvicorn\middleware\proxy_headers.py", line 60, in __call__
    return await self.app(scope, receive, send)
  File "E:\PYTHON_PG\FastAPI-DENNISCHEN\.venv\lib\site-packages\fastapi\applications.py", line 1134, in __call__
    await super().__call__(scope, receive, send)
  File "E:\PYTHON_PG\FastAPI-DENNISCHEN\.venv\lib\site-packages\starlette\applications.py", line 112, in __call__
    await self.middleware_stack(scope, receive, send)
  File "E:\PYTHON_PG\FastAPI-DENNISCHEN\.venv\lib\site-packages\starlette\middleware\errors.py", line 187, in __call__
    raise exc
  File "E:\PYTHON_PG\FastAPI-DENNISCHEN\.venv\lib\site-packages\starlette\middleware\errors.py", line 165, in __call__
    await self.app(scope, receive, _send)
  File "E:\PYTHON_PG\FastAPI-DENNISCHEN\.venv\lib\site-packages\starlette\middleware\cors.py", line 85, in __call__
    await self.app(scope, receive, send)
  File "E:\PYTHON_PG\FastAPI-DENNISCHEN\.venv\lib\site-packages\starlette\middleware\base.py", line 189, in __call__
    response_sent.set()
  File "D:\Python\Python38\lib\contextlib.py", line 131, in __exit__
    self.gen.throw(type, value, traceback)
  File "E:\PYTHON_PG\FastAPI-DENNISCHEN\.venv\lib\site-packages\starlette\_utils.py", line 82, in collapse_excgroups
    raise exc
  File "E:\PYTHON_PG\FastAPI-DENNISCHEN\.venv\lib\site-packages\starlette\middleware\base.py", line 187, in __call__
    response = await self.dispatch_func(request, call_next)
  File "E:\PYTHON_PG\FastAPI-DENNISCHEN\apilog\log_middleware.py", line 40, in dispatch
    response = await call_next(request)
  File "E:\PYTHON_PG\FastAPI-DENNISCHEN\.venv\lib\site-packages\starlette\middleware\base.py", line 163, in call_next
    raise app_exc
  File "E:\PYTHON_PG\FastAPI-DENNISCHEN\.venv\lib\site-packages\starlette\middleware\base.py", line 149, in coro
    await self.app(scope, receive_or_disconnect, send_no_error)
  File "E:\PYTHON_PG\FastAPI-DENNISCHEN\.venv\lib\site-packages\starlette\middleware\exceptions.py", line 62, in __call__
    await wrap_app_handling_exceptions(self.app, conn)(scope, receive, send)
  File "E:\PYTHON_PG\FastAPI-DENNISCHEN\.venv\lib\site-packages\starlette\_exception_handler.py", line 53, in wrapped_app
    raise exc
  File "E:\PYTHON_PG\FastAPI-DENNISCHEN\.venv\lib\site-packages\starlette\_exception_handler.py", line 42, in wrapped_app
    await app(scope, receive, sender)
  File "E:\PYTHON_PG\FastAPI-DENNISCHEN\.venv\lib\site-packages\fastapi\middleware\asyncexitstack.py", line 18, in __call__
    await self.app(scope, receive, send)
  File "E:\PYTHON_PG\FastAPI-DENNISCHEN\.venv\lib\site-packages\starlette\routing.py", line 715, in __call__
    await self.middleware_stack(scope, receive, send)
  File "E:\PYTHON_PG\FastAPI-DENNISCHEN\.venv\lib\site-packages\starlette\routing.py", line 735, in app
    await route.handle(scope, receive, send)
  File "E:\PYTHON_PG\FastAPI-DENNISCHEN\.venv\lib\site-packages\starlette\routing.py", line 288, in handle
    await self.app(scope, receive, send)
  File "E:\PYTHON_PG\FastAPI-DENNISCHEN\.venv\lib\site-packages\fastapi\routing.py", line 125, in app
    await wrap_app_handling_exceptions(app, request)(scope, receive, send)
  File "E:\PYTHON_PG\FastAPI-DENNISCHEN\.venv\lib\site-packages\starlette\_exception_handler.py", line 53, in wrapped_app
    raise exc
  File "E:\PYTHON_PG\FastAPI-DENNISCHEN\.venv\lib\site-packages\starlette\_exception_handler.py", line 42, in wrapped_app
    await app(scope, receive, sender)
  File "E:\PYTHON_PG\FastAPI-DENNISCHEN\.venv\lib\site-packages\fastapi\routing.py", line 111, in app
    response = await f(request)
  File "E:\PYTHON_PG\FastAPI-DENNISCHEN\.venv\lib\site-packages\fastapi\routing.py", line 391, in app
    raw_response = await run_endpoint_function(
  File "E:\PYTHON_PG\FastAPI-DENNISCHEN\.venv\lib\site-packages\fastapi\routing.py", line 290, in run_endpoint_function
    return await dependant.call(**values)
  File "E:\PYTHON_PG\FastAPI-DENNISCHEN\security\cookie.py", line 148, in protected_docs
    return get_swagger_ui_html(
TypeError: get_swagger_ui_html() missing 1 required keyword-only argument: 'openapi_url'
2026-01-09 16:34:13,274,uvicorn,INFO,请求开始: GET http://localhost:8000/docs
2026-01-09 16:34:13,275,uvicorn,ERROR,中间件处理异常: get_swagger_ui_html() missing 1 required keyword-only argument: 'openapi_url'
2026-01-09 16:34:13,276,uvicorn.error,ERROR,Exception in ASGI application
  + Exception Group Traceback (most recent call last):
  |   File "E:\PYTHON_PG\FastAPI-DENNISCHEN\.venv\lib\site-packages\starlette\_utils.py", line 76, in collapse_excgroups
  |     yield
  |   File "E:\PYTHON_PG\FastAPI-DENNISCHEN\.venv\lib\site-packages\starlette\middleware\base.py", line 189, in __call__
  |     response_sent.set()
  |   File "E:\PYTHON_PG\FastAPI-DENNISCHEN\.venv\lib\site-packages\anyio\_backends\_asyncio.py", line 685, in __aexit__
  |     raise BaseExceptionGroup(
  | exceptiongroup.ExceptionGroup: unhandled errors in a TaskGroup (1 sub-exception)
  +-+---------------- 1 ----------------
    | Traceback (most recent call last):
    |   File "E:\PYTHON_PG\FastAPI-DENNISCHEN\.venv\lib\site-packages\uvicorn\protocols\http\h11_impl.py", line 403, in run_asgi
    |     result = await app(  # type: ignore[func-returns-value]
    |   File "E:\PYTHON_PG\FastAPI-DENNISCHEN\.venv\lib\site-packages\uvicorn\middleware\proxy_headers.py", line 60, in __call__
    |     return await self.app(scope, receive, send)
    |   File "E:\PYTHON_PG\FastAPI-DENNISCHEN\.venv\lib\site-packages\fastapi\applications.py", line 1134, in __call__
    |     await super().__call__(scope, receive, send)
    |   File "E:\PYTHON_PG\FastAPI-DENNISCHEN\.venv\lib\site-packages\starlette\applications.py", line 112, in __call__
    |     await self.middleware_stack(scope, receive, send)
    |   File "E:\PYTHON_PG\FastAPI-DENNISCHEN\.venv\lib\site-packages\starlette\middleware\errors.py", line 187, in __call__
    |     raise exc
    |   File "E:\PYTHON_PG\FastAPI-DENNISCHEN\.venv\lib\site-packages\starlette\middleware\errors.py", line 165, in __call__
    |     await self.app(scope, receive, _send)
    |   File "E:\PYTHON_PG\FastAPI-DENNISCHEN\.venv\lib\site-packages\starlette\middleware\cors.py", line 85, in __call__
    |     await self.app(scope, receive, send)
    |   File "E:\PYTHON_PG\FastAPI-DENNISCHEN\.venv\lib\site-packages\starlette\middleware\base.py", line 189, in __call__
    |     response_sent.set()
    |   File "D:\Python\Python38\lib\contextlib.py", line 131, in __exit__
    |     self.gen.throw(type, value, traceback)
    |   File "E:\PYTHON_PG\FastAPI-DENNISCHEN\.venv\lib\site-packages\starlette\_utils.py", line 82, in collapse_excgroups
    |     raise exc
    |   File "E:\PYTHON_PG\FastAPI-DENNISCHEN\.venv\lib\site-packages\starlette\middleware\base.py", line 187, in __call__
    |     response = await self.dispatch_func(request, call_next)
    |   File "E:\PYTHON_PG\FastAPI-DENNISCHEN\apilog\log_middleware.py", line 40, in dispatch
    |     response = await call_next(request)
    |   File "E:\PYTHON_PG\FastAPI-DENNISCHEN\.venv\lib\site-packages\starlette\middleware\base.py", line 163, in call_next
    |     raise app_exc
    |   File "E:\PYTHON_PG\FastAPI-DENNISCHEN\.venv\lib\site-packages\starlette\middleware\base.py", line 149, in coro
    |     await self.app(scope, receive_or_disconnect, send_no_error)
    |   File "E:\PYTHON_PG\FastAPI-DENNISCHEN\.venv\lib\site-packages\starlette\middleware\exceptions.py", line 62, in __call__
    |     await wrap_app_handling_exceptions(self.app, conn)(scope, receive, send)
    |   File "E:\PYTHON_PG\FastAPI-DENNISCHEN\.venv\lib\site-packages\starlette\_exception_handler.py", line 53, in wrapped_app
    |     raise exc
    |   File "E:\PYTHON_PG\FastAPI-DENNISCHEN\.venv\lib\site-packages\starlette\_exception_handler.py", line 42, in wrapped_app
    |     await app(scope, receive, sender)
    |   File "E:\PYTHON_PG\FastAPI-DENNISCHEN\.venv\lib\site-packages\fastapi\middleware\asyncexitstack.py", line 18, in __call__
    |     await self.app(scope, receive, send)
    |   File "E:\PYTHON_PG\FastAPI-DENNISCHEN\.venv\lib\site-packages\starlette\routing.py", line 715, in __call__
    |     await self.middleware_stack(scope, receive, send)
    |   File "E:\PYTHON_PG\FastAPI-DENNISCHEN\.venv\lib\site-packages\starlette\routing.py", line 735, in app
    |     await route.handle(scope, receive, send)
    |   File "E:\PYTHON_PG\FastAPI-DENNISCHEN\.venv\lib\site-packages\starlette\routing.py", line 288, in handle
    |     await self.app(scope, receive, send)
    |   File "E:\PYTHON_PG\FastAPI-DENNISCHEN\.venv\lib\site-packages\fastapi\routing.py", line 125, in app
    |     await wrap_app_handling_exceptions(app, request)(scope, receive, send)
    |   File "E:\PYTHON_PG\FastAPI-DENNISCHEN\.venv\lib\site-packages\starlette\_exception_handler.py", line 53, in wrapped_app
    |     raise exc
    |   File "E:\PYTHON_PG\FastAPI-DENNISCHEN\.venv\lib\site-packages\starlette\_exception_handler.py", line 42, in wrapped_app
    |     await app(scope, receive, sender)
    |   File "E:\PYTHON_PG\FastAPI-DENNISCHEN\.venv\lib\site-packages\fastapi\routing.py", line 111, in app
    |     response = await f(request)
    |   File "E:\PYTHON_PG\FastAPI-DENNISCHEN\.venv\lib\site-packages\fastapi\routing.py", line 391, in app
    |     raw_response = await run_endpoint_function(
    |   File "E:\PYTHON_PG\FastAPI-DENNISCHEN\.venv\lib\site-packages\fastapi\routing.py", line 290, in run_endpoint_function
    |     return await dependant.call(**values)
    |   File "E:\PYTHON_PG\FastAPI-DENNISCHEN\security\cookie.py", line 148, in protected_docs
    |     return get_swagger_ui_html(
    | TypeError: get_swagger_ui_html() missing 1 required keyword-only argument: 'openapi_url'
    +------------------------------------

During handling of the above exception, another exception occurred:

Traceback (most recent call last):
  File "E:\PYTHON_PG\FastAPI-DENNISCHEN\.venv\lib\site-packages\uvicorn\protocols\http\h11_impl.py", line 403, in run_asgi
    result = await app(  # type: ignore[func-returns-value]
  File "E:\PYTHON_PG\FastAPI-DENNISCHEN\.venv\lib\site-packages\uvicorn\middleware\proxy_headers.py", line 60, in __call__
    return await self.app(scope, receive, send)
  File "E:\PYTHON_PG\FastAPI-DENNISCHEN\.venv\lib\site-packages\fastapi\applications.py", line 1134, in __call__
    await super().__call__(scope, receive, send)
  File "E:\PYTHON_PG\FastAPI-DENNISCHEN\.venv\lib\site-packages\starlette\applications.py", line 112, in __call__
    await self.middleware_stack(scope, receive, send)
  File "E:\PYTHON_PG\FastAPI-DENNISCHEN\.venv\lib\site-packages\starlette\middleware\errors.py", line 187, in __call__
    raise exc
  File "E:\PYTHON_PG\FastAPI-DENNISCHEN\.venv\lib\site-packages\starlette\middleware\errors.py", line 165, in __call__
    await self.app(scope, receive, _send)
  File "E:\PYTHON_PG\FastAPI-DENNISCHEN\.venv\lib\site-packages\starlette\middleware\cors.py", line 85, in __call__
    await self.app(scope, receive, send)
  File "E:\PYTHON_PG\FastAPI-DENNISCHEN\.venv\lib\site-packages\starlette\middleware\base.py", line 189, in __call__
    response_sent.set()
  File "D:\Python\Python38\lib\contextlib.py", line 131, in __exit__
    self.gen.throw(type, value, traceback)
  File "E:\PYTHON_PG\FastAPI-DENNISCHEN\.venv\lib\site-packages\starlette\_utils.py", line 82, in collapse_excgroups
    raise exc
  File "E:\PYTHON_PG\FastAPI-DENNISCHEN\.venv\lib\site-packages\starlette\middleware\base.py", line 187, in __call__
    response = await self.dispatch_func(request, call_next)
  File "E:\PYTHON_PG\FastAPI-DENNISCHEN\apilog\log_middleware.py", line 40, in dispatch
    response = await call_next(request)
  File "E:\PYTHON_PG\FastAPI-DENNISCHEN\.venv\lib\site-packages\starlette\middleware\base.py", line 163, in call_next
    raise app_exc
  File "E:\PYTHON_PG\FastAPI-DENNISCHEN\.venv\lib\site-packages\starlette\middleware\base.py", line 149, in coro
    await self.app(scope, receive_or_disconnect, send_no_error)
  File "E:\PYTHON_PG\FastAPI-DENNISCHEN\.venv\lib\site-packages\starlette\middleware\exceptions.py", line 62, in __call__
    await wrap_app_handling_exceptions(self.app, conn)(scope, receive, send)
  File "E:\PYTHON_PG\FastAPI-DENNISCHEN\.venv\lib\site-packages\starlette\_exception_handler.py", line 53, in wrapped_app
    raise exc
  File "E:\PYTHON_PG\FastAPI-DENNISCHEN\.venv\lib\site-packages\starlette\_exception_handler.py", line 42, in wrapped_app
    await app(scope, receive, sender)
  File "E:\PYTHON_PG\FastAPI-DENNISCHEN\.venv\lib\site-packages\fastapi\middleware\asyncexitstack.py", line 18, in __call__
    await self.app(scope, receive, send)
  File "E:\PYTHON_PG\FastAPI-DENNISCHEN\.venv\lib\site-packages\starlette\routing.py", line 715, in __call__
    await self.middleware_stack(scope, receive, send)
  File "E:\PYTHON_PG\FastAPI-DENNISCHEN\.venv\lib\site-packages\starlette\routing.py", line 735, in app
    await route.handle(scope, receive, send)
  File "E:\PYTHON_PG\FastAPI-DENNISCHEN\.venv\lib\site-packages\starlette\routing.py", line 288, in handle
    await self.app(scope, receive, send)
  File "E:\PYTHON_PG\FastAPI-DENNISCHEN\.venv\lib\site-packages\fastapi\routing.py", line 125, in app
    await wrap_app_handling_exceptions(app, request)(scope, receive, send)
  File "E:\PYTHON_PG\FastAPI-DENNISCHEN\.venv\lib\site-packages\starlette\_exception_handler.py", line 53, in wrapped_app
    raise exc
  File "E:\PYTHON_PG\FastAPI-DENNISCHEN\.venv\lib\site-packages\starlette\_exception_handler.py", line 42, in wrapped_app
    await app(scope, receive, sender)
  File "E:\PYTHON_PG\FastAPI-DENNISCHEN\.venv\lib\site-packages\fastapi\routing.py", line 111, in app
    response = await f(request)
  File "E:\PYTHON_PG\FastAPI-DENNISCHEN\.venv\lib\site-packages\fastapi\routing.py", line 391, in app
    raw_response = await run_endpoint_function(
  File "E:\PYTHON_PG\FastAPI-DENNISCHEN\.venv\lib\site-packages\fastapi\routing.py", line 290, in run_endpoint_function
    return await dependant.call(**values)
  File "E:\PYTHON_PG\FastAPI-DENNISCHEN\security\cookie.py", line 148, in protected_docs
    return get_swagger_ui_html(
TypeError: get_swagger_ui_html() missing 1 required keyword-only argument: 'openapi_url'
2026-01-09 16:34:39,932,uvicorn,INFO,请求开始: GET http://localhost:8000/index
2026-01-09 16:34:39,955,uvicorn,INFO,请求完成: GET http://localhost:8000/index 状态码: 200 耗时: 0.02s
2026-01-09 16:34:40,045,uvicorn,INFO,请求开始: GET http://localhost:8000/api/verify
2026-01-09 16:34:40,046,uvicorn,INFO,请求完成: GET http://localhost:8000/api/verify 状态码: 200 耗时: 0.00s
2026-01-09 16:34:41,334,uvicorn,INFO,请求开始: GET http://localhost:8000/docs
2026-01-09 16:34:41,335,uvicorn,ERROR,中间件处理异常: get_swagger_ui_html() missing 1 required keyword-only argument: 'openapi_url'
2026-01-09 16:34:41,336,uvicorn.error,ERROR,Exception in ASGI application
  + Exception Group Traceback (most recent call last):
  |   File "E:\PYTHON_PG\FastAPI-DENNISCHEN\.venv\lib\site-packages\starlette\_utils.py", line 76, in collapse_excgroups
  |     yield
  |   File "E:\PYTHON_PG\FastAPI-DENNISCHEN\.venv\lib\site-packages\starlette\middleware\base.py", line 189, in __call__
  |     response_sent.set()
  |   File "E:\PYTHON_PG\FastAPI-DENNISCHEN\.venv\lib\site-packages\anyio\_backends\_asyncio.py", line 685, in __aexit__
  |     raise BaseExceptionGroup(
  | exceptiongroup.ExceptionGroup: unhandled errors in a TaskGroup (1 sub-exception)
  +-+---------------- 1 ----------------
    | Traceback (most recent call last):
    |   File "E:\PYTHON_PG\FastAPI-DENNISCHEN\.venv\lib\site-packages\uvicorn\protocols\http\h11_impl.py", line 403, in run_asgi
    |     result = await app(  # type: ignore[func-returns-value]
    |   File "E:\PYTHON_PG\FastAPI-DENNISCHEN\.venv\lib\site-packages\uvicorn\middleware\proxy_headers.py", line 60, in __call__
    |     return await self.app(scope, receive, send)
    |   File "E:\PYTHON_PG\FastAPI-DENNISCHEN\.venv\lib\site-packages\fastapi\applications.py", line 1134, in __call__
    |     await super().__call__(scope, receive, send)
    |   File "E:\PYTHON_PG\FastAPI-DENNISCHEN\.venv\lib\site-packages\starlette\applications.py", line 112, in __call__
    |     await self.middleware_stack(scope, receive, send)
    |   File "E:\PYTHON_PG\FastAPI-DENNISCHEN\.venv\lib\site-packages\starlette\middleware\errors.py", line 187, in __call__
    |     raise exc
    |   File "E:\PYTHON_PG\FastAPI-DENNISCHEN\.venv\lib\site-packages\starlette\middleware\errors.py", line 165, in __call__
    |     await self.app(scope, receive, _send)
    |   File "E:\PYTHON_PG\FastAPI-DENNISCHEN\.venv\lib\site-packages\starlette\middleware\cors.py", line 85, in __call__
    |     await self.app(scope, receive, send)
    |   File "E:\PYTHON_PG\FastAPI-DENNISCHEN\.venv\lib\site-packages\starlette\middleware\base.py", line 189, in __call__
    |     response_sent.set()
    |   File "D:\Python\Python38\lib\contextlib.py", line 131, in __exit__
    |     self.gen.throw(type, value, traceback)
    |   File "E:\PYTHON_PG\FastAPI-DENNISCHEN\.venv\lib\site-packages\starlette\_utils.py", line 82, in collapse_excgroups
    |     raise exc
    |   File "E:\PYTHON_PG\FastAPI-DENNISCHEN\.venv\lib\site-packages\starlette\middleware\base.py", line 187, in __call__
    |     response = await self.dispatch_func(request, call_next)
    |   File "E:\PYTHON_PG\FastAPI-DENNISCHEN\apilog\log_middleware.py", line 40, in dispatch
    |     response = await call_next(request)
    |   File "E:\PYTHON_PG\FastAPI-DENNISCHEN\.venv\lib\site-packages\starlette\middleware\base.py", line 163, in call_next
    |     raise app_exc
    |   File "E:\PYTHON_PG\FastAPI-DENNISCHEN\.venv\lib\site-packages\starlette\middleware\base.py", line 149, in coro
    |     await self.app(scope, receive_or_disconnect, send_no_error)
    |   File "E:\PYTHON_PG\FastAPI-DENNISCHEN\.venv\lib\site-packages\starlette\middleware\exceptions.py", line 62, in __call__
    |     await wrap_app_handling_exceptions(self.app, conn)(scope, receive, send)
    |   File "E:\PYTHON_PG\FastAPI-DENNISCHEN\.venv\lib\site-packages\starlette\_exception_handler.py", line 53, in wrapped_app
    |     raise exc
    |   File "E:\PYTHON_PG\FastAPI-DENNISCHEN\.venv\lib\site-packages\starlette\_exception_handler.py", line 42, in wrapped_app
    |     await app(scope, receive, sender)
    |   File "E:\PYTHON_PG\FastAPI-DENNISCHEN\.venv\lib\site-packages\fastapi\middleware\asyncexitstack.py", line 18, in __call__
    |     await self.app(scope, receive, send)
    |   File "E:\PYTHON_PG\FastAPI-DENNISCHEN\.venv\lib\site-packages\starlette\routing.py", line 715, in __call__
    |     await self.middleware_stack(scope, receive, send)
    |   File "E:\PYTHON_PG\FastAPI-DENNISCHEN\.venv\lib\site-packages\starlette\routing.py", line 735, in app
    |     await route.handle(scope, receive, send)
    |   File "E:\PYTHON_PG\FastAPI-DENNISCHEN\.venv\lib\site-packages\starlette\routing.py", line 288, in handle
    |     await self.app(scope, receive, send)
    |   File "E:\PYTHON_PG\FastAPI-DENNISCHEN\.venv\lib\site-packages\fastapi\routing.py", line 125, in app
    |     await wrap_app_handling_exceptions(app, request)(scope, receive, send)
    |   File "E:\PYTHON_PG\FastAPI-DENNISCHEN\.venv\lib\site-packages\starlette\_exception_handler.py", line 53, in wrapped_app
    |     raise exc
    |   File "E:\PYTHON_PG\FastAPI-DENNISCHEN\.venv\lib\site-packages\starlette\_exception_handler.py", line 42, in wrapped_app
    |     await app(scope, receive, sender)
    |   File "E:\PYTHON_PG\FastAPI-DENNISCHEN\.venv\lib\site-packages\fastapi\routing.py", line 111, in app
    |     response = await f(request)
    |   File "E:\PYTHON_PG\FastAPI-DENNISCHEN\.venv\lib\site-packages\fastapi\routing.py", line 391, in app
    |     raw_response = await run_endpoint_function(
    |   File "E:\PYTHON_PG\FastAPI-DENNISCHEN\.venv\lib\site-packages\fastapi\routing.py", line 290, in run_endpoint_function
    |     return await dependant.call(**values)
    |   File "E:\PYTHON_PG\FastAPI-DENNISCHEN\security\cookie.py", line 148, in protected_docs
    |     return get_swagger_ui_html(
    | TypeError: get_swagger_ui_html() missing 1 required keyword-only argument: 'openapi_url'
    +------------------------------------

During handling of the above exception, another exception occurred:

Traceback (most recent call last):
  File "E:\PYTHON_PG\FastAPI-DENNISCHEN\.venv\lib\site-packages\uvicorn\protocols\http\h11_impl.py", line 403, in run_asgi
    result = await app(  # type: ignore[func-returns-value]
  File "E:\PYTHON_PG\FastAPI-DENNISCHEN\.venv\lib\site-packages\uvicorn\middleware\proxy_headers.py", line 60, in __call__
    return await self.app(scope, receive, send)
  File "E:\PYTHON_PG\FastAPI-DENNISCHEN\.venv\lib\site-packages\fastapi\applications.py", line 1134, in __call__
    await super().__call__(scope, receive, send)
  File "E:\PYTHON_PG\FastAPI-DENNISCHEN\.venv\lib\site-packages\starlette\applications.py", line 112, in __call__
    await self.middleware_stack(scope, receive, send)
  File "E:\PYTHON_PG\FastAPI-DENNISCHEN\.venv\lib\site-packages\starlette\middleware\errors.py", line 187, in __call__
    raise exc
  File "E:\PYTHON_PG\FastAPI-DENNISCHEN\.venv\lib\site-packages\starlette\middleware\errors.py", line 165, in __call__
    await self.app(scope, receive, _send)
  File "E:\PYTHON_PG\FastAPI-DENNISCHEN\.venv\lib\site-packages\starlette\middleware\cors.py", line 85, in __call__
    await self.app(scope, receive, send)
  File "E:\PYTHON_PG\FastAPI-DENNISCHEN\.venv\lib\site-packages\starlette\middleware\base.py", line 189, in __call__
    response_sent.set()
  File "D:\Python\Python38\lib\contextlib.py", line 131, in __exit__
    self.gen.throw(type, value, traceback)
  File "E:\PYTHON_PG\FastAPI-DENNISCHEN\.venv\lib\site-packages\starlette\_utils.py", line 82, in collapse_excgroups
    raise exc
  File "E:\PYTHON_PG\FastAPI-DENNISCHEN\.venv\lib\site-packages\starlette\middleware\base.py", line 187, in __call__
    response = await self.dispatch_func(request, call_next)
  File "E:\PYTHON_PG\FastAPI-DENNISCHEN\apilog\log_middleware.py", line 40, in dispatch
    response = await call_next(request)
  File "E:\PYTHON_PG\FastAPI-DENNISCHEN\.venv\lib\site-packages\starlette\middleware\base.py", line 163, in call_next
    raise app_exc
  File "E:\PYTHON_PG\FastAPI-DENNISCHEN\.venv\lib\site-packages\starlette\middleware\base.py", line 149, in coro
    await self.app(scope, receive_or_disconnect, send_no_error)
  File "E:\PYTHON_PG\FastAPI-DENNISCHEN\.venv\lib\site-packages\starlette\middleware\exceptions.py", line 62, in __call__
    await wrap_app_handling_exceptions(self.app, conn)(scope, receive, send)
  File "E:\PYTHON_PG\FastAPI-DENNISCHEN\.venv\lib\site-packages\starlette\_exception_handler.py", line 53, in wrapped_app
    raise exc
  File "E:\PYTHON_PG\FastAPI-DENNISCHEN\.venv\lib\site-packages\starlette\_exception_handler.py", line 42, in wrapped_app
    await app(scope, receive, sender)
  File "E:\PYTHON_PG\FastAPI-DENNISCHEN\.venv\lib\site-packages\fastapi\middleware\asyncexitstack.py", line 18, in __call__
    await self.app(scope, receive, send)
  File "E:\PYTHON_PG\FastAPI-DENNISCHEN\.venv\lib\site-packages\starlette\routing.py", line 715, in __call__
    await self.middleware_stack(scope, receive, send)
  File "E:\PYTHON_PG\FastAPI-DENNISCHEN\.venv\lib\site-packages\starlette\routing.py", line 735, in app
    await route.handle(scope, receive, send)
  File "E:\PYTHON_PG\FastAPI-DENNISCHEN\.venv\lib\site-packages\starlette\routing.py", line 288, in handle
    await self.app(scope, receive, send)
  File "E:\PYTHON_PG\FastAPI-DENNISCHEN\.venv\lib\site-packages\fastapi\routing.py", line 125, in app
    await wrap_app_handling_exceptions(app, request)(scope, receive, send)
  File "E:\PYTHON_PG\FastAPI-DENNISCHEN\.venv\lib\site-packages\starlette\_exception_handler.py", line 53, in wrapped_app
    raise exc
  File "E:\PYTHON_PG\FastAPI-DENNISCHEN\.venv\lib\site-packages\starlette\_exception_handler.py", line 42, in wrapped_app
    await app(scope, receive, sender)
  File "E:\PYTHON_PG\FastAPI-DENNISCHEN\.venv\lib\site-packages\fastapi\routing.py", line 111, in app
    response = await f(request)
  File "E:\PYTHON_PG\FastAPI-DENNISCHEN\.venv\lib\site-packages\fastapi\routing.py", line 391, in app
    raw_response = await run_endpoint_function(
  File "E:\PYTHON_PG\FastAPI-DENNISCHEN\.venv\lib\site-packages\fastapi\routing.py", line 290, in run_endpoint_function
    return await dependant.call(**values)
  File "E:\PYTHON_PG\FastAPI-DENNISCHEN\security\cookie.py", line 148, in protected_docs
    return get_swagger_ui_html(
TypeError: get_swagger_ui_html() missing 1 required keyword-only argument: 'openapi_url'
2026-01-09 16:34:42,988,uvicorn,INFO,请求开始: GET http://localhost:8000/docs
2026-01-09 16:34:42,989,uvicorn,ERROR,中间件处理异常: get_swagger_ui_html() missing 1 required keyword-only argument: 'openapi_url'
2026-01-09 16:34:42,991,uvicorn.error,ERROR,Exception in ASGI application
  + Exception Group Traceback (most recent call last):
  |   File "E:\PYTHON_PG\FastAPI-DENNISCHEN\.venv\lib\site-packages\starlette\_utils.py", line 76, in collapse_excgroups
  |     yield
  |   File "E:\PYTHON_PG\FastAPI-DENNISCHEN\.venv\lib\site-packages\starlette\middleware\base.py", line 189, in __call__
  |     response_sent.set()
  |   File "E:\PYTHON_PG\FastAPI-DENNISCHEN\.venv\lib\site-packages\anyio\_backends\_asyncio.py", line 685, in __aexit__
  |     raise BaseExceptionGroup(
  | exceptiongroup.ExceptionGroup: unhandled errors in a TaskGroup (1 sub-exception)
  +-+---------------- 1 ----------------
    | Traceback (most recent call last):
    |   File "E:\PYTHON_PG\FastAPI-DENNISCHEN\.venv\lib\site-packages\uvicorn\protocols\http\h11_impl.py", line 403, in run_asgi
    |     result = await app(  # type: ignore[func-returns-value]
    |   File "E:\PYTHON_PG\FastAPI-DENNISCHEN\.venv\lib\site-packages\uvicorn\middleware\proxy_headers.py", line 60, in __call__
    |     return await self.app(scope, receive, send)
    |   File "E:\PYTHON_PG\FastAPI-DENNISCHEN\.venv\lib\site-packages\fastapi\applications.py", line 1134, in __call__
    |     await super().__call__(scope, receive, send)
    |   File "E:\PYTHON_PG\FastAPI-DENNISCHEN\.venv\lib\site-packages\starlette\applications.py", line 112, in __call__
    |     await self.middleware_stack(scope, receive, send)
    |   File "E:\PYTHON_PG\FastAPI-DENNISCHEN\.venv\lib\site-packages\starlette\middleware\errors.py", line 187, in __call__
    |     raise exc
    |   File "E:\PYTHON_PG\FastAPI-DENNISCHEN\.venv\lib\site-packages\starlette\middleware\errors.py", line 165, in __call__
    |     await self.app(scope, receive, _send)
    |   File "E:\PYTHON_PG\FastAPI-DENNISCHEN\.venv\lib\site-packages\starlette\middleware\cors.py", line 85, in __call__
    |     await self.app(scope, receive, send)
    |   File "E:\PYTHON_PG\FastAPI-DENNISCHEN\.venv\lib\site-packages\starlette\middleware\base.py", line 189, in __call__
    |     response_sent.set()
    |   File "D:\Python\Python38\lib\contextlib.py", line 131, in __exit__
    |     self.gen.throw(type, value, traceback)
    |   File "E:\PYTHON_PG\FastAPI-DENNISCHEN\.venv\lib\site-packages\starlette\_utils.py", line 82, in collapse_excgroups
    |     raise exc
    |   File "E:\PYTHON_PG\FastAPI-DENNISCHEN\.venv\lib\site-packages\starlette\middleware\base.py", line 187, in __call__
    |     response = await self.dispatch_func(request, call_next)
    |   File "E:\PYTHON_PG\FastAPI-DENNISCHEN\apilog\log_middleware.py", line 40, in dispatch
    |     response = await call_next(request)
    |   File "E:\PYTHON_PG\FastAPI-DENNISCHEN\.venv\lib\site-packages\starlette\middleware\base.py", line 163, in call_next
    |     raise app_exc
    |   File "E:\PYTHON_PG\FastAPI-DENNISCHEN\.venv\lib\site-packages\starlette\middleware\base.py", line 149, in coro
    |     await self.app(scope, receive_or_disconnect, send_no_error)
    |   File "E:\PYTHON_PG\FastAPI-DENNISCHEN\.venv\lib\site-packages\starlette\middleware\exceptions.py", line 62, in __call__
    |     await wrap_app_handling_exceptions(self.app, conn)(scope, receive, send)
    |   File "E:\PYTHON_PG\FastAPI-DENNISCHEN\.venv\lib\site-packages\starlette\_exception_handler.py", line 53, in wrapped_app
    |     raise exc
    |   File "E:\PYTHON_PG\FastAPI-DENNISCHEN\.venv\lib\site-packages\starlette\_exception_handler.py", line 42, in wrapped_app
    |     await app(scope, receive, sender)
    |   File "E:\PYTHON_PG\FastAPI-DENNISCHEN\.venv\lib\site-packages\fastapi\middleware\asyncexitstack.py", line 18, in __call__
    |     await self.app(scope, receive, send)
    |   File "E:\PYTHON_PG\FastAPI-DENNISCHEN\.venv\lib\site-packages\starlette\routing.py", line 715, in __call__
    |     await self.middleware_stack(scope, receive, send)
    |   File "E:\PYTHON_PG\FastAPI-DENNISCHEN\.venv\lib\site-packages\starlette\routing.py", line 735, in app
    |     await route.handle(scope, receive, send)
    |   File "E:\PYTHON_PG\FastAPI-DENNISCHEN\.venv\lib\site-packages\starlette\routing.py", line 288, in handle
    |     await self.app(scope, receive, send)
    |   File "E:\PYTHON_PG\FastAPI-DENNISCHEN\.venv\lib\site-packages\fastapi\routing.py", line 125, in app
    |     await wrap_app_handling_exceptions(app, request)(scope, receive, send)
    |   File "E:\PYTHON_PG\FastAPI-DENNISCHEN\.venv\lib\site-packages\starlette\_exception_handler.py", line 53, in wrapped_app
    |     raise exc
    |   File "E:\PYTHON_PG\FastAPI-DENNISCHEN\.venv\lib\site-packages\starlette\_exception_handler.py", line 42, in wrapped_app
    |     await app(scope, receive, sender)
    |   File "E:\PYTHON_PG\FastAPI-DENNISCHEN\.venv\lib\site-packages\fastapi\routing.py", line 111, in app
    |     response = await f(request)
    |   File "E:\PYTHON_PG\FastAPI-DENNISCHEN\.venv\lib\site-packages\fastapi\routing.py", line 391, in app
    |     raw_response = await run_endpoint_function(
    |   File "E:\PYTHON_PG\FastAPI-DENNISCHEN\.venv\lib\site-packages\fastapi\routing.py", line 290, in run_endpoint_function
    |     return await dependant.call(**values)
    |   File "E:\PYTHON_PG\FastAPI-DENNISCHEN\security\cookie.py", line 148, in protected_docs
    |     return get_swagger_ui_html(
    | TypeError: get_swagger_ui_html() missing 1 required keyword-only argument: 'openapi_url'
    +------------------------------------

During handling of the above exception, another exception occurred:

Traceback (most recent call last):
  File "E:\PYTHON_PG\FastAPI-DENNISCHEN\.venv\lib\site-packages\uvicorn\protocols\http\h11_impl.py", line 403, in run_asgi
    result = await app(  # type: ignore[func-returns-value]
  File "E:\PYTHON_PG\FastAPI-DENNISCHEN\.venv\lib\site-packages\uvicorn\middleware\proxy_headers.py", line 60, in __call__
    return await self.app(scope, receive, send)
  File "E:\PYTHON_PG\FastAPI-DENNISCHEN\.venv\lib\site-packages\fastapi\applications.py", line 1134, in __call__
    await super().__call__(scope, receive, send)
  File "E:\PYTHON_PG\FastAPI-DENNISCHEN\.venv\lib\site-packages\starlette\applications.py", line 112, in __call__
    await self.middleware_stack(scope, receive, send)
  File "E:\PYTHON_PG\FastAPI-DENNISCHEN\.venv\lib\site-packages\starlette\middleware\errors.py", line 187, in __call__
    raise exc
  File "E:\PYTHON_PG\FastAPI-DENNISCHEN\.venv\lib\site-packages\starlette\middleware\errors.py", line 165, in __call__
    await self.app(scope, receive, _send)
  File "E:\PYTHON_PG\FastAPI-DENNISCHEN\.venv\lib\site-packages\starlette\middleware\cors.py", line 85, in __call__
    await self.app(scope, receive, send)
  File "E:\PYTHON_PG\FastAPI-DENNISCHEN\.venv\lib\site-packages\starlette\middleware\base.py", line 189, in __call__
    response_sent.set()
  File "D:\Python\Python38\lib\contextlib.py", line 131, in __exit__
    self.gen.throw(type, value, traceback)
  File "E:\PYTHON_PG\FastAPI-DENNISCHEN\.venv\lib\site-packages\starlette\_utils.py", line 82, in collapse_excgroups
    raise exc
  File "E:\PYTHON_PG\FastAPI-DENNISCHEN\.venv\lib\site-packages\starlette\middleware\base.py", line 187, in __call__
    response = await self.dispatch_func(request, call_next)
  File "E:\PYTHON_PG\FastAPI-DENNISCHEN\apilog\log_middleware.py", line 40, in dispatch
    response = await call_next(request)
  File "E:\PYTHON_PG\FastAPI-DENNISCHEN\.venv\lib\site-packages\starlette\middleware\base.py", line 163, in call_next
    raise app_exc
  File "E:\PYTHON_PG\FastAPI-DENNISCHEN\.venv\lib\site-packages\starlette\middleware\base.py", line 149, in coro
    await self.app(scope, receive_or_disconnect, send_no_error)
  File "E:\PYTHON_PG\FastAPI-DENNISCHEN\.venv\lib\site-packages\starlette\middleware\exceptions.py", line 62, in __call__
    await wrap_app_handling_exceptions(self.app, conn)(scope, receive, send)
  File "E:\PYTHON_PG\FastAPI-DENNISCHEN\.venv\lib\site-packages\starlette\_exception_handler.py", line 53, in wrapped_app
    raise exc
  File "E:\PYTHON_PG\FastAPI-DENNISCHEN\.venv\lib\site-packages\starlette\_exception_handler.py", line 42, in wrapped_app
    await app(scope, receive, sender)
  File "E:\PYTHON_PG\FastAPI-DENNISCHEN\.venv\lib\site-packages\fastapi\middleware\asyncexitstack.py", line 18, in __call__
    await self.app(scope, receive, send)
  File "E:\PYTHON_PG\FastAPI-DENNISCHEN\.venv\lib\site-packages\starlette\routing.py", line 715, in __call__
    await self.middleware_stack(scope, receive, send)
  File "E:\PYTHON_PG\FastAPI-DENNISCHEN\.venv\lib\site-packages\starlette\routing.py", line 735, in app
    await route.handle(scope, receive, send)
  File "E:\PYTHON_PG\FastAPI-DENNISCHEN\.venv\lib\site-packages\starlette\routing.py", line 288, in handle
    await self.app(scope, receive, send)
  File "E:\PYTHON_PG\FastAPI-DENNISCHEN\.venv\lib\site-packages\fastapi\routing.py", line 125, in app
    await wrap_app_handling_exceptions(app, request)(scope, receive, send)
  File "E:\PYTHON_PG\FastAPI-DENNISCHEN\.venv\lib\site-packages\starlette\_exception_handler.py", line 53, in wrapped_app
    raise exc
  File "E:\PYTHON_PG\FastAPI-DENNISCHEN\.venv\lib\site-packages\starlette\_exception_handler.py", line 42, in wrapped_app
    await app(scope, receive, sender)
  File "E:\PYTHON_PG\FastAPI-DENNISCHEN\.venv\lib\site-packages\fastapi\routing.py", line 111, in app
    response = await f(request)
  File "E:\PYTHON_PG\FastAPI-DENNISCHEN\.venv\lib\site-packages\fastapi\routing.py", line 391, in app
    raw_response = await run_endpoint_function(
  File "E:\PYTHON_PG\FastAPI-DENNISCHEN\.venv\lib\site-packages\fastapi\routing.py", line 290, in run_endpoint_function
    return await dependant.call(**values)
  File "E:\PYTHON_PG\FastAPI-DENNISCHEN\security\cookie.py", line 148, in protected_docs
    return get_swagger_ui_html(
TypeError: get_swagger_ui_html() missing 1 required keyword-only argument: 'openapi_url'
2026-01-09 16:34:44,491,uvicorn,INFO,请求开始: GET http://localhost:8000/docs
2026-01-09 16:34:44,493,uvicorn,ERROR,中间件处理异常: get_swagger_ui_html() missing 1 required keyword-only argument: 'openapi_url'
2026-01-09 16:34:44,494,uvicorn.error,ERROR,Exception in ASGI application
  + Exception Group Traceback (most recent call last):
  |   File "E:\PYTHON_PG\FastAPI-DENNISCHEN\.venv\lib\site-packages\starlette\_utils.py", line 76, in collapse_excgroups
  |     yield
  |   File "E:\PYTHON_PG\FastAPI-DENNISCHEN\.venv\lib\site-packages\starlette\middleware\base.py", line 189, in __call__
  |     response_sent.set()
  |   File "E:\PYTHON_PG\FastAPI-DENNISCHEN\.venv\lib\site-packages\anyio\_backends\_asyncio.py", line 685, in __aexit__
  |     raise BaseExceptionGroup(
  | exceptiongroup.ExceptionGroup: unhandled errors in a TaskGroup (1 sub-exception)
  +-+---------------- 1 ----------------
    | Traceback (most recent call last):
    |   File "E:\PYTHON_PG\FastAPI-DENNISCHEN\.venv\lib\site-packages\uvicorn\protocols\http\h11_impl.py", line 403, in run_asgi
    |     result = await app(  # type: ignore[func-returns-value]
    |   File "E:\PYTHON_PG\FastAPI-DENNISCHEN\.venv\lib\site-packages\uvicorn\middleware\proxy_headers.py", line 60, in __call__
    |     return await self.app(scope, receive, send)
    |   File "E:\PYTHON_PG\FastAPI-DENNISCHEN\.venv\lib\site-packages\fastapi\applications.py", line 1134, in __call__
    |     await super().__call__(scope, receive, send)
    |   File "E:\PYTHON_PG\FastAPI-DENNISCHEN\.venv\lib\site-packages\starlette\applications.py", line 112, in __call__
    |     await self.middleware_stack(scope, receive, send)
    |   File "E:\PYTHON_PG\FastAPI-DENNISCHEN\.venv\lib\site-packages\starlette\middleware\errors.py", line 187, in __call__
    |     raise exc
    |   File "E:\PYTHON_PG\FastAPI-DENNISCHEN\.venv\lib\site-packages\starlette\middleware\errors.py", line 165, in __call__
    |     await self.app(scope, receive, _send)
    |   File "E:\PYTHON_PG\FastAPI-DENNISCHEN\.venv\lib\site-packages\starlette\middleware\cors.py", line 85, in __call__
    |     await self.app(scope, receive, send)
    |   File "E:\PYTHON_PG\FastAPI-DENNISCHEN\.venv\lib\site-packages\starlette\middleware\base.py", line 189, in __call__
    |     response_sent.set()
    |   File "D:\Python\Python38\lib\contextlib.py", line 131, in __exit__
    |     self.gen.throw(type, value, traceback)
    |   File "E:\PYTHON_PG\FastAPI-DENNISCHEN\.venv\lib\site-packages\starlette\_utils.py", line 82, in collapse_excgroups
    |     raise exc
    |   File "E:\PYTHON_PG\FastAPI-DENNISCHEN\.venv\lib\site-packages\starlette\middleware\base.py", line 187, in __call__
    |     response = await self.dispatch_func(request, call_next)
    |   File "E:\PYTHON_PG\FastAPI-DENNISCHEN\apilog\log_middleware.py", line 40, in dispatch
    |     response = await call_next(request)
    |   File "E:\PYTHON_PG\FastAPI-DENNISCHEN\.venv\lib\site-packages\starlette\middleware\base.py", line 163, in call_next
    |     raise app_exc
    |   File "E:\PYTHON_PG\FastAPI-DENNISCHEN\.venv\lib\site-packages\starlette\middleware\base.py", line 149, in coro
    |     await self.app(scope, receive_or_disconnect, send_no_error)
    |   File "E:\PYTHON_PG\FastAPI-DENNISCHEN\.venv\lib\site-packages\starlette\middleware\exceptions.py", line 62, in __call__
    |     await wrap_app_handling_exceptions(self.app, conn)(scope, receive, send)
    |   File "E:\PYTHON_PG\FastAPI-DENNISCHEN\.venv\lib\site-packages\starlette\_exception_handler.py", line 53, in wrapped_app
    |     raise exc
    |   File "E:\PYTHON_PG\FastAPI-DENNISCHEN\.venv\lib\site-packages\starlette\_exception_handler.py", line 42, in wrapped_app
    |     await app(scope, receive, sender)
    |   File "E:\PYTHON_PG\FastAPI-DENNISCHEN\.venv\lib\site-packages\fastapi\middleware\asyncexitstack.py", line 18, in __call__
    |     await self.app(scope, receive, send)
    |   File "E:\PYTHON_PG\FastAPI-DENNISCHEN\.venv\lib\site-packages\starlette\routing.py", line 715, in __call__
    |     await self.middleware_stack(scope, receive, send)
    |   File "E:\PYTHON_PG\FastAPI-DENNISCHEN\.venv\lib\site-packages\starlette\routing.py", line 735, in app
    |     await route.handle(scope, receive, send)
    |   File "E:\PYTHON_PG\FastAPI-DENNISCHEN\.venv\lib\site-packages\starlette\routing.py", line 288, in handle
    |     await self.app(scope, receive, send)
    |   File "E:\PYTHON_PG\FastAPI-DENNISCHEN\.venv\lib\site-packages\fastapi\routing.py", line 125, in app
    |     await wrap_app_handling_exceptions(app, request)(scope, receive, send)
    |   File "E:\PYTHON_PG\FastAPI-DENNISCHEN\.venv\lib\site-packages\starlette\_exception_handler.py", line 53, in wrapped_app
    |     raise exc
    |   File "E:\PYTHON_PG\FastAPI-DENNISCHEN\.venv\lib\site-packages\starlette\_exception_handler.py", line 42, in wrapped_app
    |     await app(scope, receive, sender)
    |   File "E:\PYTHON_PG\FastAPI-DENNISCHEN\.venv\lib\site-packages\fastapi\routing.py", line 111, in app
    |     response = await f(request)
    |   File "E:\PYTHON_PG\FastAPI-DENNISCHEN\.venv\lib\site-packages\fastapi\routing.py", line 391, in app
    |     raw_response = await run_endpoint_function(
    |   File "E:\PYTHON_PG\FastAPI-DENNISCHEN\.venv\lib\site-packages\fastapi\routing.py", line 290, in run_endpoint_function
    |     return await dependant.call(**values)
    |   File "E:\PYTHON_PG\FastAPI-DENNISCHEN\security\cookie.py", line 148, in protected_docs
    |     return get_swagger_ui_html(
    | TypeError: get_swagger_ui_html() missing 1 required keyword-only argument: 'openapi_url'
    +------------------------------------

During handling of the above exception, another exception occurred:

Traceback (most recent call last):
  File "E:\PYTHON_PG\FastAPI-DENNISCHEN\.venv\lib\site-packages\uvicorn\protocols\http\h11_impl.py", line 403, in run_asgi
    result = await app(  # type: ignore[func-returns-value]
  File "E:\PYTHON_PG\FastAPI-DENNISCHEN\.venv\lib\site-packages\uvicorn\middleware\proxy_headers.py", line 60, in __call__
    return await self.app(scope, receive, send)
  File "E:\PYTHON_PG\FastAPI-DENNISCHEN\.venv\lib\site-packages\fastapi\applications.py", line 1134, in __call__
    await super().__call__(scope, receive, send)
  File "E:\PYTHON_PG\FastAPI-DENNISCHEN\.venv\lib\site-packages\starlette\applications.py", line 112, in __call__
    await self.middleware_stack(scope, receive, send)
  File "E:\PYTHON_PG\FastAPI-DENNISCHEN\.venv\lib\site-packages\starlette\middleware\errors.py", line 187, in __call__
    raise exc
  File "E:\PYTHON_PG\FastAPI-DENNISCHEN\.venv\lib\site-packages\starlette\middleware\errors.py", line 165, in __call__
    await self.app(scope, receive, _send)
  File "E:\PYTHON_PG\FastAPI-DENNISCHEN\.venv\lib\site-packages\starlette\middleware\cors.py", line 85, in __call__
    await self.app(scope, receive, send)
  File "E:\PYTHON_PG\FastAPI-DENNISCHEN\.venv\lib\site-packages\starlette\middleware\base.py", line 189, in __call__
    response_sent.set()
  File "D:\Python\Python38\lib\contextlib.py", line 131, in __exit__
    self.gen.throw(type, value, traceback)
  File "E:\PYTHON_PG\FastAPI-DENNISCHEN\.venv\lib\site-packages\starlette\_utils.py", line 82, in collapse_excgroups
    raise exc
  File "E:\PYTHON_PG\FastAPI-DENNISCHEN\.venv\lib\site-packages\starlette\middleware\base.py", line 187, in __call__
    response = await self.dispatch_func(request, call_next)
  File "E:\PYTHON_PG\FastAPI-DENNISCHEN\apilog\log_middleware.py", line 40, in dispatch
    response = await call_next(request)
  File "E:\PYTHON_PG\FastAPI-DENNISCHEN\.venv\lib\site-packages\starlette\middleware\base.py", line 163, in call_next
    raise app_exc
  File "E:\PYTHON_PG\FastAPI-DENNISCHEN\.venv\lib\site-packages\starlette\middleware\base.py", line 149, in coro
    await self.app(scope, receive_or_disconnect, send_no_error)
  File "E:\PYTHON_PG\FastAPI-DENNISCHEN\.venv\lib\site-packages\starlette\middleware\exceptions.py", line 62, in __call__
    await wrap_app_handling_exceptions(self.app, conn)(scope, receive, send)
  File "E:\PYTHON_PG\FastAPI-DENNISCHEN\.venv\lib\site-packages\starlette\_exception_handler.py", line 53, in wrapped_app
    raise exc
  File "E:\PYTHON_PG\FastAPI-DENNISCHEN\.venv\lib\site-packages\starlette\_exception_handler.py", line 42, in wrapped_app
    await app(scope, receive, sender)
  File "E:\PYTHON_PG\FastAPI-DENNISCHEN\.venv\lib\site-packages\fastapi\middleware\asyncexitstack.py", line 18, in __call__
    await self.app(scope, receive, send)
  File "E:\PYTHON_PG\FastAPI-DENNISCHEN\.venv\lib\site-packages\starlette\routing.py", line 715, in __call__
    await self.middleware_stack(scope, receive, send)
  File "E:\PYTHON_PG\FastAPI-DENNISCHEN\.venv\lib\site-packages\starlette\routing.py", line 735, in app
    await route.handle(scope, receive, send)
  File "E:\PYTHON_PG\FastAPI-DENNISCHEN\.venv\lib\site-packages\starlette\routing.py", line 288, in handle
    await self.app(scope, receive, send)
  File "E:\PYTHON_PG\FastAPI-DENNISCHEN\.venv\lib\site-packages\fastapi\routing.py", line 125, in app
    await wrap_app_handling_exceptions(app, request)(scope, receive, send)
  File "E:\PYTHON_PG\FastAPI-DENNISCHEN\.venv\lib\site-packages\starlette\_exception_handler.py", line 53, in wrapped_app
    raise exc
  File "E:\PYTHON_PG\FastAPI-DENNISCHEN\.venv\lib\site-packages\starlette\_exception_handler.py", line 42, in wrapped_app
    await app(scope, receive, sender)
  File "E:\PYTHON_PG\FastAPI-DENNISCHEN\.venv\lib\site-packages\fastapi\routing.py", line 111, in app
    response = await f(request)
  File "E:\PYTHON_PG\FastAPI-DENNISCHEN\.venv\lib\site-packages\fastapi\routing.py", line 391, in app
    raw_response = await run_endpoint_function(
  File "E:\PYTHON_PG\FastAPI-DENNISCHEN\.venv\lib\site-packages\fastapi\routing.py", line 290, in run_endpoint_function
    return await dependant.call(**values)
  File "E:\PYTHON_PG\FastAPI-DENNISCHEN\security\cookie.py", line 148, in protected_docs
    return get_swagger_ui_html(
TypeError: get_swagger_ui_html() missing 1 required keyword-only argument: 'openapi_url'
2026-01-09 16:34:49,692,uvicorn,INFO,请求开始: GET http://localhost:8000/
2026-01-09 16:34:49,693,uvicorn,INFO,函数 goto_login_page 开始执行
2026-01-09 16:34:49,694,uvicorn,INFO,函数 goto_login_page 执行完成，响应数据: <starlette.templating._TemplateResponse object at 0x000002434B7A3D90>
2026-01-09 16:34:49,694,uvicorn,INFO,请求完成: GET http://localhost:8000/ 状态码: 200 耗时: 0.00s
2026-01-09 16:34:49,781,uvicorn,INFO,请求开始: GET http://localhost:8000/login
2026-01-09 16:34:49,782,uvicorn,INFO,请求完成: GET http://localhost:8000/login 状态码: 200 耗时: 0.00s
2026-01-09 16:34:49,902,uvicorn,INFO,请求开始: GET http://localhost:8000/api/verify
2026-01-09 16:34:49,904,uvicorn,INFO,请求完成: GET http://localhost:8000/api/verify 状态码: 200 耗时: 0.00s
2026-01-09 16:34:52,818,uvicorn,INFO,请求开始: GET http://localhost:8000/index
2026-01-09 16:34:52,820,uvicorn,INFO,请求完成: GET http://localhost:8000/index 状态码: 200 耗时: 0.00s
2026-01-09 16:34:52,932,uvicorn,INFO,请求开始: GET http://localhost:8000/api/verify
2026-01-09 16:34:52,933,uvicorn,INFO,请求完成: GET http://localhost:8000/api/verify 状态码: 200 耗时: 0.00s
2026-01-09 16:34:54,374,uvicorn,INFO,请求开始: GET http://localhost:8000/docs
2026-01-09 16:34:54,374,uvicorn,ERROR,中间件处理异常: get_swagger_ui_html() missing 1 required keyword-only argument: 'openapi_url'
2026-01-09 16:34:54,375,uvicorn.error,ERROR,Exception in ASGI application
  + Exception Group Traceback (most recent call last):
  |   File "E:\PYTHON_PG\FastAPI-DENNISCHEN\.venv\lib\site-packages\starlette\_utils.py", line 76, in collapse_excgroups
  |     yield
  |   File "E:\PYTHON_PG\FastAPI-DENNISCHEN\.venv\lib\site-packages\starlette\middleware\base.py", line 189, in __call__
  |     response_sent.set()
  |   File "E:\PYTHON_PG\FastAPI-DENNISCHEN\.venv\lib\site-packages\anyio\_backends\_asyncio.py", line 685, in __aexit__
  |     raise BaseExceptionGroup(
  | exceptiongroup.ExceptionGroup: unhandled errors in a TaskGroup (1 sub-exception)
  +-+---------------- 1 ----------------
    | Traceback (most recent call last):
    |   File "E:\PYTHON_PG\FastAPI-DENNISCHEN\.venv\lib\site-packages\uvicorn\protocols\http\h11_impl.py", line 403, in run_asgi
    |     result = await app(  # type: ignore[func-returns-value]
    |   File "E:\PYTHON_PG\FastAPI-DENNISCHEN\.venv\lib\site-packages\uvicorn\middleware\proxy_headers.py", line 60, in __call__
    |     return await self.app(scope, receive, send)
    |   File "E:\PYTHON_PG\FastAPI-DENNISCHEN\.venv\lib\site-packages\fastapi\applications.py", line 1134, in __call__
    |     await super().__call__(scope, receive, send)
    |   File "E:\PYTHON_PG\FastAPI-DENNISCHEN\.venv\lib\site-packages\starlette\applications.py", line 112, in __call__
    |     await self.middleware_stack(scope, receive, send)
    |   File "E:\PYTHON_PG\FastAPI-DENNISCHEN\.venv\lib\site-packages\starlette\middleware\errors.py", line 187, in __call__
    |     raise exc
    |   File "E:\PYTHON_PG\FastAPI-DENNISCHEN\.venv\lib\site-packages\starlette\middleware\errors.py", line 165, in __call__
    |     await self.app(scope, receive, _send)
    |   File "E:\PYTHON_PG\FastAPI-DENNISCHEN\.venv\lib\site-packages\starlette\middleware\cors.py", line 85, in __call__
    |     await self.app(scope, receive, send)
    |   File "E:\PYTHON_PG\FastAPI-DENNISCHEN\.venv\lib\site-packages\starlette\middleware\base.py", line 189, in __call__
    |     response_sent.set()
    |   File "D:\Python\Python38\lib\contextlib.py", line 131, in __exit__
    |     self.gen.throw(type, value, traceback)
    |   File "E:\PYTHON_PG\FastAPI-DENNISCHEN\.venv\lib\site-packages\starlette\_utils.py", line 82, in collapse_excgroups
    |     raise exc
    |   File "E:\PYTHON_PG\FastAPI-DENNISCHEN\.venv\lib\site-packages\starlette\middleware\base.py", line 187, in __call__
    |     response = await self.dispatch_func(request, call_next)
    |   File "E:\PYTHON_PG\FastAPI-DENNISCHEN\apilog\log_middleware.py", line 40, in dispatch
    |     response = await call_next(request)
    |   File "E:\PYTHON_PG\FastAPI-DENNISCHEN\.venv\lib\site-packages\starlette\middleware\base.py", line 163, in call_next
    |     raise app_exc
    |   File "E:\PYTHON_PG\FastAPI-DENNISCHEN\.venv\lib\site-packages\starlette\middleware\base.py", line 149, in coro
    |     await self.app(scope, receive_or_disconnect, send_no_error)
    |   File "E:\PYTHON_PG\FastAPI-DENNISCHEN\.venv\lib\site-packages\starlette\middleware\exceptions.py", line 62, in __call__
    |     await wrap_app_handling_exceptions(self.app, conn)(scope, receive, send)
    |   File "E:\PYTHON_PG\FastAPI-DENNISCHEN\.venv\lib\site-packages\starlette\_exception_handler.py", line 53, in wrapped_app
    |     raise exc
    |   File "E:\PYTHON_PG\FastAPI-DENNISCHEN\.venv\lib\site-packages\starlette\_exception_handler.py", line 42, in wrapped_app
    |     await app(scope, receive, sender)
    |   File "E:\PYTHON_PG\FastAPI-DENNISCHEN\.venv\lib\site-packages\fastapi\middleware\asyncexitstack.py", line 18, in __call__
    |     await self.app(scope, receive, send)
    |   File "E:\PYTHON_PG\FastAPI-DENNISCHEN\.venv\lib\site-packages\starlette\routing.py", line 715, in __call__
    |     await self.middleware_stack(scope, receive, send)
    |   File "E:\PYTHON_PG\FastAPI-DENNISCHEN\.venv\lib\site-packages\starlette\routing.py", line 735, in app
    |     await route.handle(scope, receive, send)
    |   File "E:\PYTHON_PG\FastAPI-DENNISCHEN\.venv\lib\site-packages\starlette\routing.py", line 288, in handle
    |     await self.app(scope, receive, send)
    |   File "E:\PYTHON_PG\FastAPI-DENNISCHEN\.venv\lib\site-packages\fastapi\routing.py", line 125, in app
    |     await wrap_app_handling_exceptions(app, request)(scope, receive, send)
    |   File "E:\PYTHON_PG\FastAPI-DENNISCHEN\.venv\lib\site-packages\starlette\_exception_handler.py", line 53, in wrapped_app
    |     raise exc
    |   File "E:\PYTHON_PG\FastAPI-DENNISCHEN\.venv\lib\site-packages\starlette\_exception_handler.py", line 42, in wrapped_app
    |     await app(scope, receive, sender)
    |   File "E:\PYTHON_PG\FastAPI-DENNISCHEN\.venv\lib\site-packages\fastapi\routing.py", line 111, in app
    |     response = await f(request)
    |   File "E:\PYTHON_PG\FastAPI-DENNISCHEN\.venv\lib\site-packages\fastapi\routing.py", line 391, in app
    |     raw_response = await run_endpoint_function(
    |   File "E:\PYTHON_PG\FastAPI-DENNISCHEN\.venv\lib\site-packages\fastapi\routing.py", line 290, in run_endpoint_function
    |     return await dependant.call(**values)
    |   File "E:\PYTHON_PG\FastAPI-DENNISCHEN\security\cookie.py", line 148, in protected_docs
    |     return get_swagger_ui_html(
    | TypeError: get_swagger_ui_html() missing 1 required keyword-only argument: 'openapi_url'
    +------------------------------------

During handling of the above exception, another exception occurred:

Traceback (most recent call last):
  File "E:\PYTHON_PG\FastAPI-DENNISCHEN\.venv\lib\site-packages\uvicorn\protocols\http\h11_impl.py", line 403, in run_asgi
    result = await app(  # type: ignore[func-returns-value]
  File "E:\PYTHON_PG\FastAPI-DENNISCHEN\.venv\lib\site-packages\uvicorn\middleware\proxy_headers.py", line 60, in __call__
    return await self.app(scope, receive, send)
  File "E:\PYTHON_PG\FastAPI-DENNISCHEN\.venv\lib\site-packages\fastapi\applications.py", line 1134, in __call__
    await super().__call__(scope, receive, send)
  File "E:\PYTHON_PG\FastAPI-DENNISCHEN\.venv\lib\site-packages\starlette\applications.py", line 112, in __call__
    await self.middleware_stack(scope, receive, send)
  File "E:\PYTHON_PG\FastAPI-DENNISCHEN\.venv\lib\site-packages\starlette\middleware\errors.py", line 187, in __call__
    raise exc
  File "E:\PYTHON_PG\FastAPI-DENNISCHEN\.venv\lib\site-packages\starlette\middleware\errors.py", line 165, in __call__
    await self.app(scope, receive, _send)
  File "E:\PYTHON_PG\FastAPI-DENNISCHEN\.venv\lib\site-packages\starlette\middleware\cors.py", line 85, in __call__
    await self.app(scope, receive, send)
  File "E:\PYTHON_PG\FastAPI-DENNISCHEN\.venv\lib\site-packages\starlette\middleware\base.py", line 189, in __call__
    response_sent.set()
  File "D:\Python\Python38\lib\contextlib.py", line 131, in __exit__
    self.gen.throw(type, value, traceback)
  File "E:\PYTHON_PG\FastAPI-DENNISCHEN\.venv\lib\site-packages\starlette\_utils.py", line 82, in collapse_excgroups
    raise exc
  File "E:\PYTHON_PG\FastAPI-DENNISCHEN\.venv\lib\site-packages\starlette\middleware\base.py", line 187, in __call__
    response = await self.dispatch_func(request, call_next)
  File "E:\PYTHON_PG\FastAPI-DENNISCHEN\apilog\log_middleware.py", line 40, in dispatch
    response = await call_next(request)
  File "E:\PYTHON_PG\FastAPI-DENNISCHEN\.venv\lib\site-packages\starlette\middleware\base.py", line 163, in call_next
    raise app_exc
  File "E:\PYTHON_PG\FastAPI-DENNISCHEN\.venv\lib\site-packages\starlette\middleware\base.py", line 149, in coro
    await self.app(scope, receive_or_disconnect, send_no_error)
  File "E:\PYTHON_PG\FastAPI-DENNISCHEN\.venv\lib\site-packages\starlette\middleware\exceptions.py", line 62, in __call__
    await wrap_app_handling_exceptions(self.app, conn)(scope, receive, send)
  File "E:\PYTHON_PG\FastAPI-DENNISCHEN\.venv\lib\site-packages\starlette\_exception_handler.py", line 53, in wrapped_app
    raise exc
  File "E:\PYTHON_PG\FastAPI-DENNISCHEN\.venv\lib\site-packages\starlette\_exception_handler.py", line 42, in wrapped_app
    await app(scope, receive, sender)
  File "E:\PYTHON_PG\FastAPI-DENNISCHEN\.venv\lib\site-packages\fastapi\middleware\asyncexitstack.py", line 18, in __call__
    await self.app(scope, receive, send)
  File "E:\PYTHON_PG\FastAPI-DENNISCHEN\.venv\lib\site-packages\starlette\routing.py", line 715, in __call__
    await self.middleware_stack(scope, receive, send)
  File "E:\PYTHON_PG\FastAPI-DENNISCHEN\.venv\lib\site-packages\starlette\routing.py", line 735, in app
    await route.handle(scope, receive, send)
  File "E:\PYTHON_PG\FastAPI-DENNISCHEN\.venv\lib\site-packages\starlette\routing.py", line 288, in handle
    await self.app(scope, receive, send)
  File "E:\PYTHON_PG\FastAPI-DENNISCHEN\.venv\lib\site-packages\fastapi\routing.py", line 125, in app
    await wrap_app_handling_exceptions(app, request)(scope, receive, send)
  File "E:\PYTHON_PG\FastAPI-DENNISCHEN\.venv\lib\site-packages\starlette\_exception_handler.py", line 53, in wrapped_app
    raise exc
  File "E:\PYTHON_PG\FastAPI-DENNISCHEN\.venv\lib\site-packages\starlette\_exception_handler.py", line 42, in wrapped_app
    await app(scope, receive, sender)
  File "E:\PYTHON_PG\FastAPI-DENNISCHEN\.venv\lib\site-packages\fastapi\routing.py", line 111, in app
    response = await f(request)
  File "E:\PYTHON_PG\FastAPI-DENNISCHEN\.venv\lib\site-packages\fastapi\routing.py", line 391, in app
    raw_response = await run_endpoint_function(
  File "E:\PYTHON_PG\FastAPI-DENNISCHEN\.venv\lib\site-packages\fastapi\routing.py", line 290, in run_endpoint_function
    return await dependant.call(**values)
  File "E:\PYTHON_PG\FastAPI-DENNISCHEN\security\cookie.py", line 148, in protected_docs
    return get_swagger_ui_html(
TypeError: get_swagger_ui_html() missing 1 required keyword-only argument: 'openapi_url'
2026-01-09 16:35:02,255,uvicorn.error,INFO,Shutting down
2026-01-09 16:35:02,362,uvicorn.error,INFO,Waiting for application shutdown.
2026-01-09 16:35:02,362,uvicorn,INFO,应用关闭中...
2026-01-09 16:35:02,363,uvicorn,INFO,日志系统关闭
2026-01-09 16:35:02,363,uvicorn.error,INFO,Application shutdown complete.
2026-01-09 16:35:02,363,uvicorn.error,INFO,Finished server process [11928]
2026-01-09 16:35:04,404,uvicorn.error,INFO,Started server process [9624]
2026-01-09 16:35:04,405,uvicorn.error,INFO,Waiting for application startup.
2026-01-09 16:35:04,405,uvicorn,INFO,应用启动中...
2026-01-09 16:35:04,405,uvicorn,INFO,日志系统初始化完成
2026-01-09 16:35:04,406,uvicorn.error,INFO,Application startup complete.
2026-01-09 16:35:14,878,uvicorn.error,INFO,Started server process [6856]
2026-01-09 16:35:14,879,uvicorn.error,INFO,Waiting for application startup.
2026-01-09 16:35:14,879,uvicorn,INFO,应用启动中...
2026-01-09 16:35:14,879,uvicorn,INFO,日志系统初始化完成
2026-01-09 16:35:14,880,uvicorn.error,INFO,Application startup complete.
2026-01-09 16:35:20,580,uvicorn,INFO,请求开始: GET http://localhost:8000/
2026-01-09 16:35:20,581,uvicorn,INFO,函数 goto_login_page 开始执行
2026-01-09 16:35:20,584,uvicorn,INFO,函数 goto_login_page 执行完成，响应数据: <starlette.templating._TemplateResponse object at 0x0000028922B41E20>
2026-01-09 16:35:20,585,uvicorn,INFO,请求完成: GET http://localhost:8000/ 状态码: 200 耗时: 0.00s
2026-01-09 16:35:20,669,uvicorn,INFO,请求开始: GET http://localhost:8000/login
2026-01-09 16:35:20,671,uvicorn,INFO,请求完成: GET http://localhost:8000/login 状态码: 200 耗时: 0.00s
2026-01-09 16:35:20,847,uvicorn,INFO,请求开始: GET http://localhost:8000/api/verify
2026-01-09 16:35:20,848,uvicorn,INFO,请求完成: GET http://localhost:8000/api/verify 状态码: 200 耗时: 0.00s
2026-01-09 16:35:22,726,uvicorn,INFO,请求开始: GET http://localhost:8000/index
2026-01-09 16:35:22,729,uvicorn,INFO,请求完成: GET http://localhost:8000/index 状态码: 200 耗时: 0.00s
2026-01-09 16:35:22,862,uvicorn,INFO,请求开始: GET http://localhost:8000/api/verify
2026-01-09 16:35:22,863,uvicorn,INFO,请求完成: GET http://localhost:8000/api/verify 状态码: 200 耗时: 0.00s
2026-01-09 16:35:24,298,uvicorn,INFO,请求开始: GET http://localhost:8000/docs
2026-01-09 16:35:24,300,uvicorn,INFO,请求完成: GET http://localhost:8000/docs 状态码: 200 耗时: 0.00s
2026-01-09 16:35:24,384,uvicorn,INFO,请求开始: GET http://localhost:8000/static/swagger-ui/swagger-ui.css
2026-01-09 16:35:24,389,uvicorn,INFO,请求开始: GET http://localhost:8000/static/swagger-ui/swagger-ui-bundle.js
2026-01-09 16:35:24,824,uvicorn,INFO,请求完成: GET http://localhost:8000/static/swagger-ui/swagger-ui.css 状态码: 200 耗时: 0.44s
2026-01-09 16:35:24,826,uvicorn,INFO,请求完成: GET http://localhost:8000/static/swagger-ui/swagger-ui-bundle.js 状态码: 200 耗时: 0.44s
2026-01-09 16:35:25,205,uvicorn,INFO,请求开始: GET http://localhost:8000/openapi.json
2026-01-09 16:35:25,263,uvicorn,INFO,请求完成: GET http://localhost:8000/openapi.json 状态码: 200 耗时: 0.06s
2026-01-09 16:35:25,264,uvicorn,INFO,请求开始: GET http://localhost:8000/static/swagger-ui/favicon.png
2026-01-09 16:35:25,266,uvicorn,INFO,请求完成: GET http://localhost:8000/static/swagger-ui/favicon.png 状态码: 200 耗时: 0.00s
2026-01-09 16:35:31,680,uvicorn,INFO,请求开始: GET http://localhost:8000/openapi.json
2026-01-09 16:35:31,681,uvicorn,INFO,请求完成: GET http://localhost:8000/openapi.json 状态码: 200 耗时: 0.00s
2026-01-09 16:36:14,333,uvicorn.error,INFO,Shutting down
2026-01-09 16:36:14,442,uvicorn.error,INFO,Waiting for application shutdown.
2026-01-09 16:36:14,442,uvicorn,INFO,应用关闭中...
2026-01-09 16:36:14,442,uvicorn,INFO,日志系统关闭
2026-01-09 16:36:14,443,uvicorn.error,INFO,Application shutdown complete.
2026-01-09 16:36:14,443,uvicorn.error,INFO,Finished server process [6856]
2026-01-09 16:44:37,405,uvicorn.error,INFO,Started server process [12296]
2026-01-09 16:44:37,405,uvicorn.error,INFO,Waiting for application startup.
2026-01-09 16:44:37,405,uvicorn,INFO,应用启动中...
2026-01-09 16:44:37,406,uvicorn,INFO,日志系统初始化完成
2026-01-09 16:44:37,406,uvicorn.error,INFO,Application startup complete.
2026-01-09 16:44:56,973,uvicorn,INFO,请求开始: GET http://localhost:8000/docs
2026-01-09 16:44:56,975,uvicorn,INFO,请求完成: GET http://localhost:8000/docs 状态码: 401 耗时: 0.00s
2026-01-09 16:44:59,755,uvicorn,INFO,请求开始: GET http://localhost:8000/
2026-01-09 16:44:59,758,uvicorn,INFO,函数 goto_login_page 开始执行
2026-01-09 16:44:59,762,uvicorn,INFO,函数 goto_login_page 执行完成，响应数据: <starlette.templating._TemplateResponse object at 0x00000283301F2730>
2026-01-09 16:44:59,762,uvicorn,INFO,请求完成: GET http://localhost:8000/ 状态码: 200 耗时: 0.01s
2026-01-09 16:44:59,864,uvicorn,INFO,请求开始: GET http://localhost:8000/login
2026-01-09 16:44:59,867,uvicorn,INFO,请求完成: GET http://localhost:8000/login 状态码: 200 耗时: 0.00s
2026-01-09 16:45:00,041,uvicorn,INFO,请求开始: GET http://localhost:8000/api/verify
2026-01-09 16:45:00,042,uvicorn,INFO,请求完成: GET http://localhost:8000/api/verify 状态码: 401 耗时: 0.00s
2026-01-09 16:45:01,424,uvicorn,INFO,请求开始: POST http://localhost:8000/api/login
2026-01-09 16:45:01,602,uvicorn,INFO,请求完成: POST http://localhost:8000/api/login 状态码: 200 耗时: 0.18s
2026-01-09 16:45:02,654,uvicorn,INFO,请求开始: GET http://localhost:8000/index
2026-01-09 16:45:02,658,uvicorn,INFO,请求完成: GET http://localhost:8000/index 状态码: 200 耗时: 0.00s
2026-01-09 16:45:02,860,uvicorn,INFO,请求开始: GET http://localhost:8000/api/verify
2026-01-09 16:45:02,861,uvicorn,INFO,请求完成: GET http://localhost:8000/api/verify 状态码: 200 耗时: 0.00s
2026-01-09 16:45:04,021,uvicorn,INFO,请求开始: GET http://localhost:8000/docs
2026-01-09 16:45:04,023,uvicorn,INFO,请求完成: GET http://localhost:8000/docs 状态码: 200 耗时: 0.00s
2026-01-09 16:45:04,459,uvicorn,INFO,请求开始: GET http://localhost:8000/openapi.json
2026-01-09 16:45:04,460,uvicorn,INFO,请求完成: GET http://localhost:8000/openapi.json 状态码: 404 耗时: 0.00s
2026-01-09 16:47:29,566,uvicorn,INFO,请求开始: GET http://localhost:8000/docs
2026-01-09 16:47:29,567,uvicorn,INFO,请求完成: GET http://localhost:8000/docs 状态码: 200 耗时: 0.00s
2026-01-09 16:47:30,105,uvicorn,INFO,请求开始: GET http://localhost:8000/openapi.json
2026-01-09 16:47:30,106,uvicorn,INFO,请求完成: GET http://localhost:8000/openapi.json 状态码: 404 耗时: 0.00s
2026-01-09 16:47:33,859,uvicorn.error,INFO,Shutting down
2026-01-09 16:47:33,972,uvicorn.error,INFO,Waiting for application shutdown.
2026-01-09 16:47:33,973,uvicorn,INFO,应用关闭中...
2026-01-09 16:47:33,974,uvicorn,INFO,日志系统关闭
2026-01-09 16:47:33,975,uvicorn.error,INFO,Application shutdown complete.
2026-01-09 16:47:33,976,uvicorn.error,INFO,Finished server process [12296]
2026-01-09 16:47:37,069,uvicorn.error,INFO,Started server process [18812]
2026-01-09 16:47:37,070,uvicorn.error,INFO,Waiting for application startup.
2026-01-09 16:47:37,070,uvicorn,INFO,应用启动中...
2026-01-09 16:47:37,070,uvicorn,INFO,日志系统初始化完成
2026-01-09 16:47:37,071,uvicorn.error,INFO,Application startup complete.
2026-01-09 16:47:46,147,uvicorn.error,INFO,Started server process [14448]
2026-01-09 16:47:46,148,uvicorn.error,INFO,Waiting for application startup.
2026-01-09 16:47:46,148,uvicorn,INFO,应用启动中...
2026-01-09 16:47:46,149,uvicorn,INFO,日志系统初始化完成
2026-01-09 16:47:46,149,uvicorn.error,INFO,Application startup complete.
2026-01-09 16:47:56,540,uvicorn,INFO,请求开始: GET http://localhost:8000/docs
2026-01-09 16:47:56,541,uvicorn,ERROR,中间件处理异常: get_swagger_ui_html() missing 1 required keyword-only argument: 'openapi_url'
2026-01-09 16:47:56,542,uvicorn.error,ERROR,Exception in ASGI application
  + Exception Group Traceback (most recent call last):
  |   File "E:\PYTHON_PG\FastAPI-DENNISCHEN\.venv\lib\site-packages\starlette\_utils.py", line 76, in collapse_excgroups
  |     yield
  |   File "E:\PYTHON_PG\FastAPI-DENNISCHEN\.venv\lib\site-packages\starlette\middleware\base.py", line 189, in __call__
  |     response_sent.set()
  |   File "E:\PYTHON_PG\FastAPI-DENNISCHEN\.venv\lib\site-packages\anyio\_backends\_asyncio.py", line 685, in __aexit__
  |     raise BaseExceptionGroup(
  | exceptiongroup.ExceptionGroup: unhandled errors in a TaskGroup (1 sub-exception)
  +-+---------------- 1 ----------------
    | Traceback (most recent call last):
    |   File "E:\PYTHON_PG\FastAPI-DENNISCHEN\.venv\lib\site-packages\uvicorn\protocols\http\h11_impl.py", line 403, in run_asgi
    |     result = await app(  # type: ignore[func-returns-value]
    |   File "E:\PYTHON_PG\FastAPI-DENNISCHEN\.venv\lib\site-packages\uvicorn\middleware\proxy_headers.py", line 60, in __call__
    |     return await self.app(scope, receive, send)
    |   File "E:\PYTHON_PG\FastAPI-DENNISCHEN\.venv\lib\site-packages\fastapi\applications.py", line 1134, in __call__
    |     await super().__call__(scope, receive, send)
    |   File "E:\PYTHON_PG\FastAPI-DENNISCHEN\.venv\lib\site-packages\starlette\applications.py", line 112, in __call__
    |     await self.middleware_stack(scope, receive, send)
    |   File "E:\PYTHON_PG\FastAPI-DENNISCHEN\.venv\lib\site-packages\starlette\middleware\errors.py", line 187, in __call__
    |     raise exc
    |   File "E:\PYTHON_PG\FastAPI-DENNISCHEN\.venv\lib\site-packages\starlette\middleware\errors.py", line 165, in __call__
    |     await self.app(scope, receive, _send)
    |   File "E:\PYTHON_PG\FastAPI-DENNISCHEN\.venv\lib\site-packages\starlette\middleware\cors.py", line 85, in __call__
    |     await self.app(scope, receive, send)
    |   File "E:\PYTHON_PG\FastAPI-DENNISCHEN\.venv\lib\site-packages\starlette\middleware\base.py", line 189, in __call__
    |     response_sent.set()
    |   File "D:\Python\Python38\lib\contextlib.py", line 131, in __exit__
    |     self.gen.throw(type, value, traceback)
    |   File "E:\PYTHON_PG\FastAPI-DENNISCHEN\.venv\lib\site-packages\starlette\_utils.py", line 82, in collapse_excgroups
    |     raise exc
    |   File "E:\PYTHON_PG\FastAPI-DENNISCHEN\.venv\lib\site-packages\starlette\middleware\base.py", line 187, in __call__
    |     response = await self.dispatch_func(request, call_next)
    |   File "E:\PYTHON_PG\FastAPI-DENNISCHEN\apilog\log_middleware.py", line 40, in dispatch
    |     response = await call_next(request)
    |   File "E:\PYTHON_PG\FastAPI-DENNISCHEN\.venv\lib\site-packages\starlette\middleware\base.py", line 163, in call_next
    |     raise app_exc
    |   File "E:\PYTHON_PG\FastAPI-DENNISCHEN\.venv\lib\site-packages\starlette\middleware\base.py", line 149, in coro
    |     await self.app(scope, receive_or_disconnect, send_no_error)
    |   File "E:\PYTHON_PG\FastAPI-DENNISCHEN\.venv\lib\site-packages\starlette\middleware\exceptions.py", line 62, in __call__
    |     await wrap_app_handling_exceptions(self.app, conn)(scope, receive, send)
    |   File "E:\PYTHON_PG\FastAPI-DENNISCHEN\.venv\lib\site-packages\starlette\_exception_handler.py", line 53, in wrapped_app
    |     raise exc
    |   File "E:\PYTHON_PG\FastAPI-DENNISCHEN\.venv\lib\site-packages\starlette\_exception_handler.py", line 42, in wrapped_app
    |     await app(scope, receive, sender)
    |   File "E:\PYTHON_PG\FastAPI-DENNISCHEN\.venv\lib\site-packages\fastapi\middleware\asyncexitstack.py", line 18, in __call__
    |     await self.app(scope, receive, send)
    |   File "E:\PYTHON_PG\FastAPI-DENNISCHEN\.venv\lib\site-packages\starlette\routing.py", line 715, in __call__
    |     await self.middleware_stack(scope, receive, send)
    |   File "E:\PYTHON_PG\FastAPI-DENNISCHEN\.venv\lib\site-packages\starlette\routing.py", line 735, in app
    |     await route.handle(scope, receive, send)
    |   File "E:\PYTHON_PG\FastAPI-DENNISCHEN\.venv\lib\site-packages\starlette\routing.py", line 288, in handle
    |     await self.app(scope, receive, send)
    |   File "E:\PYTHON_PG\FastAPI-DENNISCHEN\.venv\lib\site-packages\fastapi\routing.py", line 125, in app
    |     await wrap_app_handling_exceptions(app, request)(scope, receive, send)
    |   File "E:\PYTHON_PG\FastAPI-DENNISCHEN\.venv\lib\site-packages\starlette\_exception_handler.py", line 53, in wrapped_app
    |     raise exc
    |   File "E:\PYTHON_PG\FastAPI-DENNISCHEN\.venv\lib\site-packages\starlette\_exception_handler.py", line 42, in wrapped_app
    |     await app(scope, receive, sender)
    |   File "E:\PYTHON_PG\FastAPI-DENNISCHEN\.venv\lib\site-packages\fastapi\routing.py", line 111, in app
    |     response = await f(request)
    |   File "E:\PYTHON_PG\FastAPI-DENNISCHEN\.venv\lib\site-packages\fastapi\routing.py", line 391, in app
    |     raw_response = await run_endpoint_function(
    |   File "E:\PYTHON_PG\FastAPI-DENNISCHEN\.venv\lib\site-packages\fastapi\routing.py", line 290, in run_endpoint_function
    |     return await dependant.call(**values)
    |   File "E:\PYTHON_PG\FastAPI-DENNISCHEN\security\cookie.py", line 148, in protected_docs
    |     return get_swagger_ui_html(
    | TypeError: get_swagger_ui_html() missing 1 required keyword-only argument: 'openapi_url'
    +------------------------------------

During handling of the above exception, another exception occurred:

Traceback (most recent call last):
  File "E:\PYTHON_PG\FastAPI-DENNISCHEN\.venv\lib\site-packages\uvicorn\protocols\http\h11_impl.py", line 403, in run_asgi
    result = await app(  # type: ignore[func-returns-value]
  File "E:\PYTHON_PG\FastAPI-DENNISCHEN\.venv\lib\site-packages\uvicorn\middleware\proxy_headers.py", line 60, in __call__
    return await self.app(scope, receive, send)
  File "E:\PYTHON_PG\FastAPI-DENNISCHEN\.venv\lib\site-packages\fastapi\applications.py", line 1134, in __call__
    await super().__call__(scope, receive, send)
  File "E:\PYTHON_PG\FastAPI-DENNISCHEN\.venv\lib\site-packages\starlette\applications.py", line 112, in __call__
    await self.middleware_stack(scope, receive, send)
  File "E:\PYTHON_PG\FastAPI-DENNISCHEN\.venv\lib\site-packages\starlette\middleware\errors.py", line 187, in __call__
    raise exc
  File "E:\PYTHON_PG\FastAPI-DENNISCHEN\.venv\lib\site-packages\starlette\middleware\errors.py", line 165, in __call__
    await self.app(scope, receive, _send)
  File "E:\PYTHON_PG\FastAPI-DENNISCHEN\.venv\lib\site-packages\starlette\middleware\cors.py", line 85, in __call__
    await self.app(scope, receive, send)
  File "E:\PYTHON_PG\FastAPI-DENNISCHEN\.venv\lib\site-packages\starlette\middleware\base.py", line 189, in __call__
    response_sent.set()
  File "D:\Python\Python38\lib\contextlib.py", line 131, in __exit__
    self.gen.throw(type, value, traceback)
  File "E:\PYTHON_PG\FastAPI-DENNISCHEN\.venv\lib\site-packages\starlette\_utils.py", line 82, in collapse_excgroups
    raise exc
  File "E:\PYTHON_PG\FastAPI-DENNISCHEN\.venv\lib\site-packages\starlette\middleware\base.py", line 187, in __call__
    response = await self.dispatch_func(request, call_next)
  File "E:\PYTHON_PG\FastAPI-DENNISCHEN\apilog\log_middleware.py", line 40, in dispatch
    response = await call_next(request)
  File "E:\PYTHON_PG\FastAPI-DENNISCHEN\.venv\lib\site-packages\starlette\middleware\base.py", line 163, in call_next
    raise app_exc
  File "E:\PYTHON_PG\FastAPI-DENNISCHEN\.venv\lib\site-packages\starlette\middleware\base.py", line 149, in coro
    await self.app(scope, receive_or_disconnect, send_no_error)
  File "E:\PYTHON_PG\FastAPI-DENNISCHEN\.venv\lib\site-packages\starlette\middleware\exceptions.py", line 62, in __call__
    await wrap_app_handling_exceptions(self.app, conn)(scope, receive, send)
  File "E:\PYTHON_PG\FastAPI-DENNISCHEN\.venv\lib\site-packages\starlette\_exception_handler.py", line 53, in wrapped_app
    raise exc
  File "E:\PYTHON_PG\FastAPI-DENNISCHEN\.venv\lib\site-packages\starlette\_exception_handler.py", line 42, in wrapped_app
    await app(scope, receive, sender)
  File "E:\PYTHON_PG\FastAPI-DENNISCHEN\.venv\lib\site-packages\fastapi\middleware\asyncexitstack.py", line 18, in __call__
    await self.app(scope, receive, send)
  File "E:\PYTHON_PG\FastAPI-DENNISCHEN\.venv\lib\site-packages\starlette\routing.py", line 715, in __call__
    await self.middleware_stack(scope, receive, send)
  File "E:\PYTHON_PG\FastAPI-DENNISCHEN\.venv\lib\site-packages\starlette\routing.py", line 735, in app
    await route.handle(scope, receive, send)
  File "E:\PYTHON_PG\FastAPI-DENNISCHEN\.venv\lib\site-packages\starlette\routing.py", line 288, in handle
    await self.app(scope, receive, send)
  File "E:\PYTHON_PG\FastAPI-DENNISCHEN\.venv\lib\site-packages\fastapi\routing.py", line 125, in app
    await wrap_app_handling_exceptions(app, request)(scope, receive, send)
  File "E:\PYTHON_PG\FastAPI-DENNISCHEN\.venv\lib\site-packages\starlette\_exception_handler.py", line 53, in wrapped_app
    raise exc
  File "E:\PYTHON_PG\FastAPI-DENNISCHEN\.venv\lib\site-packages\starlette\_exception_handler.py", line 42, in wrapped_app
    await app(scope, receive, sender)
  File "E:\PYTHON_PG\FastAPI-DENNISCHEN\.venv\lib\site-packages\fastapi\routing.py", line 111, in app
    response = await f(request)
  File "E:\PYTHON_PG\FastAPI-DENNISCHEN\.venv\lib\site-packages\fastapi\routing.py", line 391, in app
    raw_response = await run_endpoint_function(
  File "E:\PYTHON_PG\FastAPI-DENNISCHEN\.venv\lib\site-packages\fastapi\routing.py", line 290, in run_endpoint_function
    return await dependant.call(**values)
  File "E:\PYTHON_PG\FastAPI-DENNISCHEN\security\cookie.py", line 148, in protected_docs
    return get_swagger_ui_html(
TypeError: get_swagger_ui_html() missing 1 required keyword-only argument: 'openapi_url'
2026-01-09 16:47:59,918,uvicorn,INFO,请求开始: GET http://localhost:8000/
2026-01-09 16:47:59,920,uvicorn,INFO,函数 goto_login_page 开始执行
2026-01-09 16:47:59,924,uvicorn,INFO,函数 goto_login_page 执行完成，响应数据: <starlette.templating._TemplateResponse object at 0x000001942416CFA0>
2026-01-09 16:47:59,925,uvicorn,INFO,请求完成: GET http://localhost:8000/ 状态码: 200 耗时: 0.01s
2026-01-09 16:47:59,986,uvicorn,INFO,请求开始: GET http://localhost:8000/login
2026-01-09 16:47:59,993,uvicorn,INFO,请求完成: GET http://localhost:8000/login 状态码: 200 耗时: 0.01s
2026-01-09 16:48:00,163,uvicorn,INFO,请求开始: GET http://localhost:8000/api/verify
2026-01-09 16:48:00,164,uvicorn,INFO,请求完成: GET http://localhost:8000/api/verify 状态码: 200 耗时: 0.00s
2026-01-09 16:48:01,783,uvicorn,INFO,请求开始: POST http://localhost:8000/api/login
2026-01-09 16:48:01,931,uvicorn,INFO,请求完成: POST http://localhost:8000/api/login 状态码: 200 耗时: 0.15s
2026-01-09 16:48:02,979,uvicorn,INFO,请求开始: GET http://localhost:8000/index
2026-01-09 16:48:02,982,uvicorn,INFO,请求完成: GET http://localhost:8000/index 状态码: 200 耗时: 0.00s
2026-01-09 16:48:03,186,uvicorn,INFO,请求开始: GET http://localhost:8000/api/verify
2026-01-09 16:48:03,189,uvicorn,INFO,请求完成: GET http://localhost:8000/api/verify 状态码: 200 耗时: 0.00s
2026-01-09 16:48:05,261,uvicorn,INFO,请求开始: GET http://localhost:8000/docs
2026-01-09 16:48:05,262,uvicorn,ERROR,中间件处理异常: get_swagger_ui_html() missing 1 required keyword-only argument: 'openapi_url'
2026-01-09 16:48:05,263,uvicorn.error,ERROR,Exception in ASGI application
  + Exception Group Traceback (most recent call last):
  |   File "E:\PYTHON_PG\FastAPI-DENNISCHEN\.venv\lib\site-packages\starlette\_utils.py", line 76, in collapse_excgroups
  |     yield
  |   File "E:\PYTHON_PG\FastAPI-DENNISCHEN\.venv\lib\site-packages\starlette\middleware\base.py", line 189, in __call__
  |     response_sent.set()
  |   File "E:\PYTHON_PG\FastAPI-DENNISCHEN\.venv\lib\site-packages\anyio\_backends\_asyncio.py", line 685, in __aexit__
  |     raise BaseExceptionGroup(
  | exceptiongroup.ExceptionGroup: unhandled errors in a TaskGroup (1 sub-exception)
  +-+---------------- 1 ----------------
    | Traceback (most recent call last):
    |   File "E:\PYTHON_PG\FastAPI-DENNISCHEN\.venv\lib\site-packages\uvicorn\protocols\http\h11_impl.py", line 403, in run_asgi
    |     result = await app(  # type: ignore[func-returns-value]
    |   File "E:\PYTHON_PG\FastAPI-DENNISCHEN\.venv\lib\site-packages\uvicorn\middleware\proxy_headers.py", line 60, in __call__
    |     return await self.app(scope, receive, send)
    |   File "E:\PYTHON_PG\FastAPI-DENNISCHEN\.venv\lib\site-packages\fastapi\applications.py", line 1134, in __call__
    |     await super().__call__(scope, receive, send)
    |   File "E:\PYTHON_PG\FastAPI-DENNISCHEN\.venv\lib\site-packages\starlette\applications.py", line 112, in __call__
    |     await self.middleware_stack(scope, receive, send)
    |   File "E:\PYTHON_PG\FastAPI-DENNISCHEN\.venv\lib\site-packages\starlette\middleware\errors.py", line 187, in __call__
    |     raise exc
    |   File "E:\PYTHON_PG\FastAPI-DENNISCHEN\.venv\lib\site-packages\starlette\middleware\errors.py", line 165, in __call__
    |     await self.app(scope, receive, _send)
    |   File "E:\PYTHON_PG\FastAPI-DENNISCHEN\.venv\lib\site-packages\starlette\middleware\cors.py", line 85, in __call__
    |     await self.app(scope, receive, send)
    |   File "E:\PYTHON_PG\FastAPI-DENNISCHEN\.venv\lib\site-packages\starlette\middleware\base.py", line 189, in __call__
    |     response_sent.set()
    |   File "D:\Python\Python38\lib\contextlib.py", line 131, in __exit__
    |     self.gen.throw(type, value, traceback)
    |   File "E:\PYTHON_PG\FastAPI-DENNISCHEN\.venv\lib\site-packages\starlette\_utils.py", line 82, in collapse_excgroups
    |     raise exc
    |   File "E:\PYTHON_PG\FastAPI-DENNISCHEN\.venv\lib\site-packages\starlette\middleware\base.py", line 187, in __call__
    |     response = await self.dispatch_func(request, call_next)
    |   File "E:\PYTHON_PG\FastAPI-DENNISCHEN\apilog\log_middleware.py", line 40, in dispatch
    |     response = await call_next(request)
    |   File "E:\PYTHON_PG\FastAPI-DENNISCHEN\.venv\lib\site-packages\starlette\middleware\base.py", line 163, in call_next
    |     raise app_exc
    |   File "E:\PYTHON_PG\FastAPI-DENNISCHEN\.venv\lib\site-packages\starlette\middleware\base.py", line 149, in coro
    |     await self.app(scope, receive_or_disconnect, send_no_error)
    |   File "E:\PYTHON_PG\FastAPI-DENNISCHEN\.venv\lib\site-packages\starlette\middleware\exceptions.py", line 62, in __call__
    |     await wrap_app_handling_exceptions(self.app, conn)(scope, receive, send)
    |   File "E:\PYTHON_PG\FastAPI-DENNISCHEN\.venv\lib\site-packages\starlette\_exception_handler.py", line 53, in wrapped_app
    |     raise exc
    |   File "E:\PYTHON_PG\FastAPI-DENNISCHEN\.venv\lib\site-packages\starlette\_exception_handler.py", line 42, in wrapped_app
    |     await app(scope, receive, sender)
    |   File "E:\PYTHON_PG\FastAPI-DENNISCHEN\.venv\lib\site-packages\fastapi\middleware\asyncexitstack.py", line 18, in __call__
    |     await self.app(scope, receive, send)
    |   File "E:\PYTHON_PG\FastAPI-DENNISCHEN\.venv\lib\site-packages\starlette\routing.py", line 715, in __call__
    |     await self.middleware_stack(scope, receive, send)
    |   File "E:\PYTHON_PG\FastAPI-DENNISCHEN\.venv\lib\site-packages\starlette\routing.py", line 735, in app
    |     await route.handle(scope, receive, send)
    |   File "E:\PYTHON_PG\FastAPI-DENNISCHEN\.venv\lib\site-packages\starlette\routing.py", line 288, in handle
    |     await self.app(scope, receive, send)
    |   File "E:\PYTHON_PG\FastAPI-DENNISCHEN\.venv\lib\site-packages\fastapi\routing.py", line 125, in app
    |     await wrap_app_handling_exceptions(app, request)(scope, receive, send)
    |   File "E:\PYTHON_PG\FastAPI-DENNISCHEN\.venv\lib\site-packages\starlette\_exception_handler.py", line 53, in wrapped_app
    |     raise exc
    |   File "E:\PYTHON_PG\FastAPI-DENNISCHEN\.venv\lib\site-packages\starlette\_exception_handler.py", line 42, in wrapped_app
    |     await app(scope, receive, sender)
    |   File "E:\PYTHON_PG\FastAPI-DENNISCHEN\.venv\lib\site-packages\fastapi\routing.py", line 111, in app
    |     response = await f(request)
    |   File "E:\PYTHON_PG\FastAPI-DENNISCHEN\.venv\lib\site-packages\fastapi\routing.py", line 391, in app
    |     raw_response = await run_endpoint_function(
    |   File "E:\PYTHON_PG\FastAPI-DENNISCHEN\.venv\lib\site-packages\fastapi\routing.py", line 290, in run_endpoint_function
    |     return await dependant.call(**values)
    |   File "E:\PYTHON_PG\FastAPI-DENNISCHEN\security\cookie.py", line 148, in protected_docs
    |     return get_swagger_ui_html(
    | TypeError: get_swagger_ui_html() missing 1 required keyword-only argument: 'openapi_url'
    +------------------------------------

During handling of the above exception, another exception occurred:

Traceback (most recent call last):
  File "E:\PYTHON_PG\FastAPI-DENNISCHEN\.venv\lib\site-packages\uvicorn\protocols\http\h11_impl.py", line 403, in run_asgi
    result = await app(  # type: ignore[func-returns-value]
  File "E:\PYTHON_PG\FastAPI-DENNISCHEN\.venv\lib\site-packages\uvicorn\middleware\proxy_headers.py", line 60, in __call__
    return await self.app(scope, receive, send)
  File "E:\PYTHON_PG\FastAPI-DENNISCHEN\.venv\lib\site-packages\fastapi\applications.py", line 1134, in __call__
    await super().__call__(scope, receive, send)
  File "E:\PYTHON_PG\FastAPI-DENNISCHEN\.venv\lib\site-packages\starlette\applications.py", line 112, in __call__
    await self.middleware_stack(scope, receive, send)
  File "E:\PYTHON_PG\FastAPI-DENNISCHEN\.venv\lib\site-packages\starlette\middleware\errors.py", line 187, in __call__
    raise exc
  File "E:\PYTHON_PG\FastAPI-DENNISCHEN\.venv\lib\site-packages\starlette\middleware\errors.py", line 165, in __call__
    await self.app(scope, receive, _send)
  File "E:\PYTHON_PG\FastAPI-DENNISCHEN\.venv\lib\site-packages\starlette\middleware\cors.py", line 85, in __call__
    await self.app(scope, receive, send)
  File "E:\PYTHON_PG\FastAPI-DENNISCHEN\.venv\lib\site-packages\starlette\middleware\base.py", line 189, in __call__
    response_sent.set()
  File "D:\Python\Python38\lib\contextlib.py", line 131, in __exit__
    self.gen.throw(type, value, traceback)
  File "E:\PYTHON_PG\FastAPI-DENNISCHEN\.venv\lib\site-packages\starlette\_utils.py", line 82, in collapse_excgroups
    raise exc
  File "E:\PYTHON_PG\FastAPI-DENNISCHEN\.venv\lib\site-packages\starlette\middleware\base.py", line 187, in __call__
    response = await self.dispatch_func(request, call_next)
  File "E:\PYTHON_PG\FastAPI-DENNISCHEN\apilog\log_middleware.py", line 40, in dispatch
    response = await call_next(request)
  File "E:\PYTHON_PG\FastAPI-DENNISCHEN\.venv\lib\site-packages\starlette\middleware\base.py", line 163, in call_next
    raise app_exc
  File "E:\PYTHON_PG\FastAPI-DENNISCHEN\.venv\lib\site-packages\starlette\middleware\base.py", line 149, in coro
    await self.app(scope, receive_or_disconnect, send_no_error)
  File "E:\PYTHON_PG\FastAPI-DENNISCHEN\.venv\lib\site-packages\starlette\middleware\exceptions.py", line 62, in __call__
    await wrap_app_handling_exceptions(self.app, conn)(scope, receive, send)
  File "E:\PYTHON_PG\FastAPI-DENNISCHEN\.venv\lib\site-packages\starlette\_exception_handler.py", line 53, in wrapped_app
    raise exc
  File "E:\PYTHON_PG\FastAPI-DENNISCHEN\.venv\lib\site-packages\starlette\_exception_handler.py", line 42, in wrapped_app
    await app(scope, receive, sender)
  File "E:\PYTHON_PG\FastAPI-DENNISCHEN\.venv\lib\site-packages\fastapi\middleware\asyncexitstack.py", line 18, in __call__
    await self.app(scope, receive, send)
  File "E:\PYTHON_PG\FastAPI-DENNISCHEN\.venv\lib\site-packages\starlette\routing.py", line 715, in __call__
    await self.middleware_stack(scope, receive, send)
  File "E:\PYTHON_PG\FastAPI-DENNISCHEN\.venv\lib\site-packages\starlette\routing.py", line 735, in app
    await route.handle(scope, receive, send)
  File "E:\PYTHON_PG\FastAPI-DENNISCHEN\.venv\lib\site-packages\starlette\routing.py", line 288, in handle
    await self.app(scope, receive, send)
  File "E:\PYTHON_PG\FastAPI-DENNISCHEN\.venv\lib\site-packages\fastapi\routing.py", line 125, in app
    await wrap_app_handling_exceptions(app, request)(scope, receive, send)
  File "E:\PYTHON_PG\FastAPI-DENNISCHEN\.venv\lib\site-packages\starlette\_exception_handler.py", line 53, in wrapped_app
    raise exc
  File "E:\PYTHON_PG\FastAPI-DENNISCHEN\.venv\lib\site-packages\starlette\_exception_handler.py", line 42, in wrapped_app
    await app(scope, receive, sender)
  File "E:\PYTHON_PG\FastAPI-DENNISCHEN\.venv\lib\site-packages\fastapi\routing.py", line 111, in app
    response = await f(request)
  File "E:\PYTHON_PG\FastAPI-DENNISCHEN\.venv\lib\site-packages\fastapi\routing.py", line 391, in app
    raw_response = await run_endpoint_function(
  File "E:\PYTHON_PG\FastAPI-DENNISCHEN\.venv\lib\site-packages\fastapi\routing.py", line 290, in run_endpoint_function
    return await dependant.call(**values)
  File "E:\PYTHON_PG\FastAPI-DENNISCHEN\security\cookie.py", line 148, in protected_docs
    return get_swagger_ui_html(
TypeError: get_swagger_ui_html() missing 1 required keyword-only argument: 'openapi_url'
2026-01-09 16:48:59,431,uvicorn.error,INFO,Shutting down
2026-01-09 16:48:59,542,uvicorn.error,INFO,Waiting for application shutdown.
2026-01-09 16:48:59,543,uvicorn,INFO,应用关闭中...
2026-01-09 16:48:59,543,uvicorn,INFO,日志系统关闭
2026-01-09 16:48:59,544,uvicorn.error,INFO,Application shutdown complete.
2026-01-09 16:48:59,544,uvicorn.error,INFO,Finished server process [14448]
2026-01-09 16:49:01,628,uvicorn.error,INFO,Started server process [18720]
2026-01-09 16:49:01,628,uvicorn.error,INFO,Waiting for application startup.
2026-01-09 16:49:01,628,uvicorn,INFO,应用启动中...
2026-01-09 16:49:01,629,uvicorn,INFO,日志系统初始化完成
2026-01-09 16:49:01,629,uvicorn.error,INFO,Application startup complete.
2026-01-09 16:49:10,077,uvicorn,INFO,请求开始: GET http://localhost:8000/docs
2026-01-09 16:49:10,078,uvicorn,INFO,请求完成: GET http://localhost:8000/docs 状态码: 200 耗时: 0.00s
2026-01-09 16:49:10,196,uvicorn,INFO,请求开始: GET http://localhost:8000/openapi.json
2026-01-09 16:49:10,197,uvicorn,INFO,请求完成: GET http://localhost:8000/openapi.json 状态码: 404 耗时: 0.00s
2026-01-09 16:49:16,196,uvicorn,INFO,请求开始: GET http://localhost:8000/docs
2026-01-09 16:49:16,198,uvicorn,INFO,请求完成: GET http://localhost:8000/docs 状态码: 200 耗时: 0.00s
2026-01-09 16:49:16,316,uvicorn,INFO,请求开始: GET http://localhost:8000/openapi.json
2026-01-09 16:49:16,316,uvicorn,INFO,请求完成: GET http://localhost:8000/openapi.json 状态码: 404 耗时: 0.00s
2026-01-09 16:50:15,119,uvicorn.error,INFO,Started server process [16892]
2026-01-09 16:50:15,119,uvicorn.error,INFO,Waiting for application startup.
2026-01-09 16:50:15,120,uvicorn,INFO,应用启动中...
2026-01-09 16:50:15,120,uvicorn,INFO,日志系统初始化完成
2026-01-09 16:50:15,120,uvicorn.error,INFO,Application startup complete.
2026-01-09 16:50:18,906,uvicorn,INFO,请求开始: GET http://localhost:8000/
2026-01-09 16:50:18,907,uvicorn,INFO,函数 goto_login_page 开始执行
2026-01-09 16:50:18,910,uvicorn,INFO,函数 goto_login_page 执行完成，响应数据: <starlette.templating._TemplateResponse object at 0x000002363E5E0D60>
2026-01-09 16:50:18,910,uvicorn,INFO,请求完成: GET http://localhost:8000/ 状态码: 200 耗时: 0.00s
2026-01-09 16:50:18,965,uvicorn,INFO,请求开始: GET http://localhost:8000/login
2026-01-09 16:50:18,977,uvicorn,INFO,请求完成: GET http://localhost:8000/login 状态码: 200 耗时: 0.01s
2026-01-09 16:50:19,124,uvicorn,INFO,请求开始: GET http://localhost:8000/api/verify
2026-01-09 16:50:19,125,uvicorn,INFO,请求完成: GET http://localhost:8000/api/verify 状态码: 200 耗时: 0.00s
2026-01-09 16:50:20,877,uvicorn,INFO,请求开始: POST http://localhost:8000/api/login
2026-01-09 16:50:21,191,uvicorn,INFO,请求完成: POST http://localhost:8000/api/login 状态码: 200 耗时: 0.31s
2026-01-09 16:50:22,244,uvicorn,INFO,请求开始: GET http://localhost:8000/index
2026-01-09 16:50:22,248,uvicorn,INFO,请求完成: GET http://localhost:8000/index 状态码: 200 耗时: 0.00s
2026-01-09 16:50:22,384,uvicorn,INFO,请求开始: GET http://localhost:8000/api/verify
2026-01-09 16:50:22,385,uvicorn,INFO,请求完成: GET http://localhost:8000/api/verify 状态码: 200 耗时: 0.00s
2026-01-09 16:50:23,830,uvicorn,INFO,请求开始: GET http://localhost:8000/docs
2026-01-09 16:50:23,831,uvicorn,INFO,请求完成: GET http://localhost:8000/docs 状态码: 200 耗时: 0.00s
2026-01-09 16:50:24,022,uvicorn,INFO,请求开始: GET http://localhost:8000/Xopenapi.json
2026-01-09 16:50:24,024,uvicorn,INFO,请求完成: GET http://localhost:8000/Xopenapi.json 状态码: 404 耗时: 0.00s
2026-01-09 16:52:28,722,uvicorn.error,INFO,Shutting down
2026-01-09 16:52:28,831,uvicorn.error,INFO,Waiting for application shutdown.
2026-01-09 16:52:28,832,uvicorn,INFO,应用关闭中...
2026-01-09 16:52:28,832,uvicorn,INFO,日志系统关闭
2026-01-09 16:52:28,833,uvicorn.error,INFO,Application shutdown complete.
2026-01-09 16:52:28,834,uvicorn.error,INFO,Finished server process [16892]
2026-01-09 16:52:37,517,uvicorn.error,INFO,Started server process [14436]
2026-01-09 16:52:37,518,uvicorn.error,INFO,Waiting for application startup.
2026-01-09 16:52:37,518,uvicorn,INFO,应用启动中...
2026-01-09 16:52:37,518,uvicorn,INFO,日志系统初始化完成
2026-01-09 16:52:37,519,uvicorn.error,INFO,Application startup complete.
2026-01-09 16:52:50,624,uvicorn,INFO,请求开始: GET http://localhost:8000/docs
2026-01-09 16:52:50,626,uvicorn,INFO,请求完成: GET http://localhost:8000/docs 状态码: 200 耗时: 0.00s
2026-01-09 16:52:50,786,uvicorn,INFO,请求开始: GET http://localhost:8000/None
2026-01-09 16:52:50,788,uvicorn,INFO,请求完成: GET http://localhost:8000/None 状态码: 404 耗时: 0.00s
2026-01-09 16:52:52,890,uvicorn,INFO,请求开始: GET http://localhost:8000/docs
2026-01-09 16:52:52,891,uvicorn,INFO,请求完成: GET http://localhost:8000/docs 状态码: 200 耗时: 0.00s
2026-01-09 16:52:53,037,uvicorn,INFO,请求开始: GET http://localhost:8000/None
2026-01-09 16:52:53,040,uvicorn,INFO,请求完成: GET http://localhost:8000/None 状态码: 404 耗时: 0.00s
2026-01-09 16:53:16,437,uvicorn,INFO,请求开始: GET http://localhost:8000/docs
2026-01-09 16:53:16,439,uvicorn,INFO,请求完成: GET http://localhost:8000/docs 状态码: 200 耗时: 0.00s
2026-01-09 16:53:16,525,uvicorn,INFO,请求开始: GET http://localhost:8000/None
2026-01-09 16:53:16,529,uvicorn,INFO,请求完成: GET http://localhost:8000/None 状态码: 404 耗时: 0.00s
2026-01-09 16:53:17,546,uvicorn,INFO,请求开始: GET http://localhost:8000/docs
2026-01-09 16:53:17,548,uvicorn,INFO,请求完成: GET http://localhost:8000/docs 状态码: 200 耗时: 0.00s
2026-01-09 16:53:17,636,uvicorn,INFO,请求开始: GET http://localhost:8000/None
2026-01-09 16:53:17,637,uvicorn,INFO,请求完成: GET http://localhost:8000/None 状态码: 404 耗时: 0.00s
2026-01-09 16:53:19,810,uvicorn.error,INFO,Shutting down
2026-01-09 16:53:19,922,uvicorn.error,INFO,Waiting for application shutdown.
2026-01-09 16:53:19,923,uvicorn,INFO,应用关闭中...
2026-01-09 16:53:19,924,uvicorn,INFO,日志系统关闭
2026-01-09 16:53:19,924,uvicorn.error,INFO,Application shutdown complete.
2026-01-09 16:53:19,925,uvicorn.error,INFO,Finished server process [14436]
2026-01-09 16:53:22,463,uvicorn.error,INFO,Started server process [18804]
2026-01-09 16:53:22,463,uvicorn.error,INFO,Waiting for application startup.
2026-01-09 16:53:22,464,uvicorn,INFO,应用启动中...
2026-01-09 16:53:22,464,uvicorn,INFO,日志系统初始化完成
2026-01-09 16:53:22,464,uvicorn.error,INFO,Application startup complete.
2026-01-09 16:53:24,467,uvicorn,INFO,请求开始: GET http://localhost:8000/docs
2026-01-09 16:53:24,469,uvicorn,INFO,请求完成: GET http://localhost:8000/docs 状态码: 200 耗时: 0.00s
2026-01-09 16:53:24,546,uvicorn,INFO,请求开始: GET http://localhost:8000/openapi.json
2026-01-09 16:53:24,618,uvicorn,INFO,请求完成: GET http://localhost:8000/openapi.json 状态码: 200 耗时: 0.07s
2026-01-09 16:53:29,516,uvicorn,INFO,请求开始: GET http://localhost:8000/.well-known/appspecific/com.chrome.devtools.json
2026-01-09 16:53:29,517,uvicorn,INFO,请求完成: GET http://localhost:8000/.well-known/appspecific/com.chrome.devtools.json 状态码: 404 耗时: 0.00s
2026-01-09 16:53:29,914,uvicorn,INFO,请求开始: GET http://localhost:8000/static/swagger-ui/swagger-ui.css.map
2026-01-09 16:53:30,009,uvicorn,INFO,请求完成: GET http://localhost:8000/static/swagger-ui/swagger-ui.css.map 状态码: 404 耗时: 0.09s
2026-01-09 16:54:04,794,uvicorn,INFO,请求开始: GET http://localhost:8000/openapi.json
2026-01-09 16:54:04,795,uvicorn,INFO,请求完成: GET http://localhost:8000/openapi.json 状态码: 200 耗时: 0.00s
2026-01-09 16:54:11,052,uvicorn,INFO,请求开始: GET http://localhost:8000/
2026-01-09 16:54:11,053,uvicorn,INFO,函数 goto_login_page 开始执行
2026-01-09 16:54:11,059,uvicorn,INFO,函数 goto_login_page 执行完成，响应数据: <starlette.templating._TemplateResponse object at 0x000001CFD5DE09D0>
2026-01-09 16:54:11,060,uvicorn,INFO,请求完成: GET http://localhost:8000/ 状态码: 200 耗时: 0.01s
2026-01-09 16:54:11,152,uvicorn,INFO,请求开始: GET http://localhost:8000/login
2026-01-09 16:54:11,164,uvicorn,INFO,请求完成: GET http://localhost:8000/login 状态码: 200 耗时: 0.01s
2026-01-09 16:54:11,489,uvicorn,INFO,请求开始: GET http://localhost:8000/api/verify
2026-01-09 16:54:11,493,uvicorn,INFO,请求完成: GET http://localhost:8000/api/verify 状态码: 200 耗时: 0.00s
2026-01-09 16:54:13,100,uvicorn,INFO,请求开始: POST http://localhost:8000/api/logout
2026-01-09 16:54:13,102,uvicorn,INFO,请求完成: POST http://localhost:8000/api/logout 状态码: 200 耗时: 0.00s
2026-01-09 16:54:13,118,uvicorn,INFO,请求开始: GET http://localhost:8000/login
2026-01-09 16:54:13,120,uvicorn,INFO,请求完成: GET http://localhost:8000/login 状态码: 200 耗时: 0.00s
2026-01-09 16:54:13,249,uvicorn,INFO,请求开始: GET http://localhost:8000/api/verify
2026-01-09 16:54:13,251,uvicorn,INFO,请求完成: GET http://localhost:8000/api/verify 状态码: 401 耗时: 0.00s
2026-01-09 16:54:15,845,uvicorn,INFO,请求开始: GET http://localhost:8000/openapi.json
2026-01-09 16:54:15,846,uvicorn,INFO,请求完成: GET http://localhost:8000/openapi.json 状态码: 200 耗时: 0.00s
2026-01-09 17:00:57,000,uvicorn.error,INFO,Started server process [11692]
2026-01-09 17:00:57,006,uvicorn.error,INFO,Waiting for application startup.
2026-01-09 17:00:57,009,uvicorn,INFO,应用启动中...
2026-01-09 17:00:57,009,uvicorn,INFO,日志系统初始化完成
2026-01-09 17:00:57,010,uvicorn.error,INFO,Application startup complete.
2026-01-09 17:01:01,528,uvicorn,INFO,请求开始: GET http://localhost:8000/docs
2026-01-09 17:01:01,529,uvicorn,INFO,请求完成: GET http://localhost:8000/docs 状态码: 401 耗时: 0.00s
2026-01-09 17:01:01,778,uvicorn,INFO,请求开始: GET http://localhost:8000/.well-known/appspecific/com.chrome.devtools.json
2026-01-09 17:01:01,779,uvicorn,INFO,请求完成: GET http://localhost:8000/.well-known/appspecific/com.chrome.devtools.json 状态码: 404 耗时: 0.00s
2026-01-09 17:01:05,843,uvicorn,INFO,请求开始: GET http://localhost:8000/
2026-01-09 17:01:05,844,uvicorn,INFO,函数 goto_login_page 开始执行
2026-01-09 17:01:05,846,uvicorn,INFO,函数 goto_login_page 执行完成，响应数据: <starlette.templating._TemplateResponse object at 0x000001BD148C7B20>
2026-01-09 17:01:05,847,uvicorn,INFO,请求完成: GET http://localhost:8000/ 状态码: 200 耗时: 0.00s
2026-01-09 17:01:05,947,uvicorn,INFO,请求开始: GET http://localhost:8000/.well-known/appspecific/com.chrome.devtools.json
2026-01-09 17:01:05,948,uvicorn,INFO,请求完成: GET http://localhost:8000/.well-known/appspecific/com.chrome.devtools.json 状态码: 404 耗时: 0.00s
2026-01-09 17:01:06,059,uvicorn,INFO,请求开始: GET http://localhost:8000/login
2026-01-09 17:01:06,087,uvicorn,INFO,请求完成: GET http://localhost:8000/login 状态码: 200 耗时: 0.03s
2026-01-09 17:01:06,234,uvicorn,INFO,请求开始: GET http://localhost:8000/.well-known/appspecific/com.chrome.devtools.json
2026-01-09 17:01:06,234,uvicorn,INFO,请求完成: GET http://localhost:8000/.well-known/appspecific/com.chrome.devtools.json 状态码: 404 耗时: 0.00s
2026-01-09 17:01:06,565,uvicorn,INFO,请求开始: GET http://localhost:8000/api/verify
2026-01-09 17:01:06,566,uvicorn,INFO,请求完成: GET http://localhost:8000/api/verify 状态码: 401 耗时: 0.00s
2026-01-09 17:01:07,657,uvicorn,INFO,请求开始: POST http://localhost:8000/api/login
2026-01-09 17:01:07,950,uvicorn,INFO,请求完成: POST http://localhost:8000/api/login 状态码: 200 耗时: 0.29s
2026-01-09 17:01:08,999,uvicorn,INFO,请求开始: GET http://localhost:8000/index
2026-01-09 17:01:09,011,uvicorn,INFO,请求完成: GET http://localhost:8000/index 状态码: 200 耗时: 0.01s
2026-01-09 17:01:09,480,uvicorn,INFO,请求开始: GET http://localhost:8000/.well-known/appspecific/com.chrome.devtools.json
2026-01-09 17:01:09,481,uvicorn,INFO,请求完成: GET http://localhost:8000/.well-known/appspecific/com.chrome.devtools.json 状态码: 404 耗时: 0.00s
2026-01-09 17:01:09,881,uvicorn,INFO,请求开始: GET http://localhost:8000/api/verify
2026-01-09 17:01:09,882,uvicorn,INFO,请求完成: GET http://localhost:8000/api/verify 状态码: 200 耗时: 0.00s
2026-01-09 17:01:09,885,uvicorn,INFO,请求开始: GET http://localhost:8000/static/css/bootstrap.css.map
2026-01-09 17:01:10,707,uvicorn,INFO,请求完成: GET http://localhost:8000/static/css/bootstrap.css.map 状态码: 200 耗时: 0.82s
2026-01-09 17:01:13,820,uvicorn,INFO,请求开始: GET http://localhost:8000/docs
2026-01-09 17:01:13,822,uvicorn,INFO,请求完成: GET http://localhost:8000/docs 状态码: 200 耗时: 0.00s
2026-01-09 17:01:14,216,uvicorn,INFO,请求开始: GET http://localhost:8000/openapi.json
2026-01-09 17:01:14,276,uvicorn,INFO,请求完成: GET http://localhost:8000/openapi.json 状态码: 200 耗时: 0.06s
2026-01-09 17:01:15,879,uvicorn,INFO,请求开始: GET http://localhost:8000/openapi.json
2026-01-09 17:01:15,881,uvicorn,INFO,请求完成: GET http://localhost:8000/openapi.json 状态码: 200 耗时: 0.00s
2026-01-09 17:01:25,529,uvicorn,INFO,请求开始: GET http://localhost:8000/
2026-01-09 17:01:25,529,uvicorn,INFO,函数 goto_login_page 开始执行
2026-01-09 17:01:25,530,uvicorn,INFO,函数 goto_login_page 执行完成，响应数据: <starlette.templating._TemplateResponse object at 0x000001BD148F67C0>
2026-01-09 17:01:25,531,uvicorn,INFO,请求完成: GET http://localhost:8000/ 状态码: 200 耗时: 0.00s
2026-01-09 17:01:25,622,uvicorn,INFO,请求开始: GET http://localhost:8000/login
2026-01-09 17:01:25,624,uvicorn,INFO,请求完成: GET http://localhost:8000/login 状态码: 200 耗时: 0.00s
2026-01-09 17:01:25,826,uvicorn,INFO,请求开始: GET http://localhost:8000/api/verify
2026-01-09 17:01:25,828,uvicorn,INFO,请求完成: GET http://localhost:8000/api/verify 状态码: 200 耗时: 0.00s
2026-01-09 17:01:28,204,uvicorn,INFO,请求开始: POST http://localhost:8000/api/logout
2026-01-09 17:01:28,206,uvicorn,INFO,请求完成: POST http://localhost:8000/api/logout 状态码: 200 耗时: 0.00s
2026-01-09 17:01:28,231,uvicorn,INFO,请求开始: GET http://localhost:8000/login
2026-01-09 17:01:28,232,uvicorn,INFO,请求完成: GET http://localhost:8000/login 状态码: 200 耗时: 0.00s
2026-01-09 17:01:28,348,uvicorn,INFO,请求开始: GET http://localhost:8000/api/verify
2026-01-09 17:01:28,349,uvicorn,INFO,请求完成: GET http://localhost:8000/api/verify 状态码: 401 耗时: 0.00s
2026-01-09 17:01:31,676,uvicorn,INFO,请求开始: GET http://localhost:8000/openapi.json
2026-01-09 17:01:31,677,uvicorn,INFO,请求完成: GET http://localhost:8000/openapi.json 状态码: 200 耗时: 0.00s
2026-01-09 17:02:07,016,uvicorn.error,INFO,Shutting down
2026-01-09 17:02:07,125,uvicorn.error,INFO,Waiting for application shutdown.
2026-01-09 17:02:07,125,uvicorn,INFO,应用关闭中...
2026-01-09 17:02:07,126,uvicorn,INFO,日志系统关闭
2026-01-09 17:02:07,126,uvicorn.error,INFO,Application shutdown complete.
2026-01-09 17:02:07,126,uvicorn.error,INFO,Finished server process [11692]
2026-01-10 09:02:39,872,uvicorn.error,INFO,Started server process [18924]
2026-01-10 09:02:39,882,uvicorn.error,INFO,Waiting for application startup.
2026-01-10 09:02:39,883,uvicorn,INFO,应用启动中...
2026-01-10 09:02:39,883,uvicorn,INFO,日志系统初始化完成
2026-01-10 09:02:39,884,uvicorn.error,INFO,Application startup complete.
2026-01-10 09:02:44,888,uvicorn,INFO,请求开始: GET http://localhost:8000/
2026-01-10 09:02:44,889,uvicorn,INFO,函数 goto_login_page 开始执行
2026-01-10 09:02:44,893,uvicorn,INFO,函数 goto_login_page 执行完成，响应数据: <starlette.templating._TemplateResponse object at 0x000001C035F789D0>
2026-01-10 09:02:44,904,uvicorn,INFO,请求完成: GET http://localhost:8000/ 状态码: 200 耗时: 0.00s
2026-01-10 09:02:45,694,uvicorn,INFO,请求开始: GET http://localhost:8000/login
2026-01-10 09:02:45,697,uvicorn,INFO,请求完成: GET http://localhost:8000/login 状态码: 200 耗时: 0.00s
2026-01-10 09:02:46,177,uvicorn,INFO,请求开始: GET http://localhost:8000/api/verify
2026-01-10 09:02:46,178,uvicorn,INFO,请求完成: GET http://localhost:8000/api/verify 状态码: 401 耗时: 0.00s
2026-01-10 09:02:50,308,uvicorn,INFO,请求开始: GET http://localhost:8000/openapi.json
2026-01-10 09:02:50,374,uvicorn,INFO,请求完成: GET http://localhost:8000/openapi.json 状态码: 200 耗时: 0.07s
2026-01-10 09:02:51,713,uvicorn,INFO,请求开始: GET http://localhost:8000/openapi.json
2026-01-10 09:02:51,714,uvicorn,INFO,请求完成: GET http://localhost:8000/openapi.json 状态码: 200 耗时: 0.00s
2026-01-10 09:02:52,684,uvicorn,INFO,请求开始: GET http://localhost:8000/openapi.json
2026-01-10 09:02:52,685,uvicorn,INFO,请求完成: GET http://localhost:8000/openapi.json 状态码: 200 耗时: 0.00s
2026-01-10 09:03:02,526,uvicorn,INFO,请求开始: POST http://localhost:8000/api/login
2026-01-10 09:03:02,882,uvicorn,INFO,请求完成: POST http://localhost:8000/api/login 状态码: 200 耗时: 0.36s
2026-01-10 09:03:03,931,uvicorn,INFO,请求开始: GET http://localhost:8000/index
2026-01-10 09:03:03,944,uvicorn,INFO,请求完成: GET http://localhost:8000/index 状态码: 200 耗时: 0.01s
2026-01-10 09:03:04,189,uvicorn,INFO,请求开始: GET http://localhost:8000/api/verify
2026-01-10 09:03:04,190,uvicorn,INFO,请求完成: GET http://localhost:8000/api/verify 状态码: 200 耗时: 0.00s
2026-01-10 09:03:05,812,uvicorn,INFO,请求开始: GET http://localhost:8000/docs
2026-01-10 09:03:05,813,uvicorn,INFO,请求完成: GET http://localhost:8000/docs 状态码: 200 耗时: 0.00s
2026-01-10 09:03:06,222,uvicorn,INFO,请求开始: GET http://localhost:8000/openapi.json
2026-01-10 09:03:06,224,uvicorn,INFO,请求完成: GET http://localhost:8000/openapi.json 状态码: 200 耗时: 0.00s
2026-01-10 09:03:07,902,uvicorn,INFO,请求开始: GET http://localhost:8000/openapi.json
2026-01-10 09:03:07,903,uvicorn,INFO,请求完成: GET http://localhost:8000/openapi.json 状态码: 200 耗时: 0.00s
2026-01-10 09:04:30,298,uvicorn.error,INFO,Shutting down
2026-01-10 09:04:30,408,uvicorn.error,INFO,Waiting for application shutdown.
2026-01-10 09:04:30,408,uvicorn,INFO,应用关闭中...
2026-01-10 09:04:30,409,uvicorn,INFO,日志系统关闭
2026-01-10 09:04:30,409,uvicorn.error,INFO,Application shutdown complete.
2026-01-10 09:04:30,409,uvicorn.error,INFO,Finished server process [18924]
2026-01-10 09:04:39,668,uvicorn.error,INFO,Started server process [5728]
2026-01-10 09:04:39,668,uvicorn.error,INFO,Waiting for application startup.
2026-01-10 09:04:39,669,uvicorn,INFO,应用启动中...
2026-01-10 09:04:39,669,uvicorn,INFO,日志系统初始化完成
2026-01-10 09:04:39,669,uvicorn.error,INFO,Application startup complete.
2026-01-10 09:04:48,112,uvicorn,INFO,请求开始: GET http://localhost:8000/openapi.json
2026-01-10 09:04:48,158,uvicorn,ERROR,中间件处理异常: 'dict' object has no attribute 'encode'
2026-01-10 09:04:48,159,uvicorn.error,ERROR,Exception in ASGI application
  + Exception Group Traceback (most recent call last):
  |   File "E:\PYTHON_PG\FastAPI-DENNISCHEN\.venv\lib\site-packages\starlette\_utils.py", line 76, in collapse_excgroups
  |     yield
  |   File "E:\PYTHON_PG\FastAPI-DENNISCHEN\.venv\lib\site-packages\starlette\middleware\base.py", line 189, in __call__
  |     response_sent.set()
  |   File "E:\PYTHON_PG\FastAPI-DENNISCHEN\.venv\lib\site-packages\anyio\_backends\_asyncio.py", line 685, in __aexit__
  |     raise BaseExceptionGroup(
  | exceptiongroup.ExceptionGroup: unhandled errors in a TaskGroup (1 sub-exception)
  +-+---------------- 1 ----------------
    | Traceback (most recent call last):
    |   File "E:\PYTHON_PG\FastAPI-DENNISCHEN\.venv\lib\site-packages\uvicorn\protocols\http\h11_impl.py", line 403, in run_asgi
    |     result = await app(  # type: ignore[func-returns-value]
    |   File "E:\PYTHON_PG\FastAPI-DENNISCHEN\.venv\lib\site-packages\uvicorn\middleware\proxy_headers.py", line 60, in __call__
    |     return await self.app(scope, receive, send)
    |   File "E:\PYTHON_PG\FastAPI-DENNISCHEN\.venv\lib\site-packages\fastapi\applications.py", line 1134, in __call__
    |     await super().__call__(scope, receive, send)
    |   File "E:\PYTHON_PG\FastAPI-DENNISCHEN\.venv\lib\site-packages\starlette\applications.py", line 112, in __call__
    |     await self.middleware_stack(scope, receive, send)
    |   File "E:\PYTHON_PG\FastAPI-DENNISCHEN\.venv\lib\site-packages\starlette\middleware\errors.py", line 187, in __call__
    |     raise exc
    |   File "E:\PYTHON_PG\FastAPI-DENNISCHEN\.venv\lib\site-packages\starlette\middleware\errors.py", line 165, in __call__
    |     await self.app(scope, receive, _send)
    |   File "E:\PYTHON_PG\FastAPI-DENNISCHEN\.venv\lib\site-packages\starlette\middleware\cors.py", line 85, in __call__
    |     await self.app(scope, receive, send)
    |   File "E:\PYTHON_PG\FastAPI-DENNISCHEN\.venv\lib\site-packages\starlette\middleware\base.py", line 189, in __call__
    |     response_sent.set()
    |   File "D:\Python\Python38\lib\contextlib.py", line 131, in __exit__
    |     self.gen.throw(type, value, traceback)
    |   File "E:\PYTHON_PG\FastAPI-DENNISCHEN\.venv\lib\site-packages\starlette\_utils.py", line 82, in collapse_excgroups
    |     raise exc
    |   File "E:\PYTHON_PG\FastAPI-DENNISCHEN\.venv\lib\site-packages\starlette\middleware\base.py", line 187, in __call__
    |     response = await self.dispatch_func(request, call_next)
    |   File "E:\PYTHON_PG\FastAPI-DENNISCHEN\apilog\log_middleware.py", line 40, in dispatch
    |     response = await call_next(request)
    |   File "E:\PYTHON_PG\FastAPI-DENNISCHEN\.venv\lib\site-packages\starlette\middleware\base.py", line 163, in call_next
    |     raise app_exc
    |   File "E:\PYTHON_PG\FastAPI-DENNISCHEN\.venv\lib\site-packages\starlette\middleware\base.py", line 149, in coro
    |     await self.app(scope, receive_or_disconnect, send_no_error)
    |   File "E:\PYTHON_PG\FastAPI-DENNISCHEN\.venv\lib\site-packages\starlette\middleware\exceptions.py", line 62, in __call__
    |     await wrap_app_handling_exceptions(self.app, conn)(scope, receive, send)
    |   File "E:\PYTHON_PG\FastAPI-DENNISCHEN\.venv\lib\site-packages\starlette\_exception_handler.py", line 53, in wrapped_app
    |     raise exc
    |   File "E:\PYTHON_PG\FastAPI-DENNISCHEN\.venv\lib\site-packages\starlette\_exception_handler.py", line 42, in wrapped_app
    |     await app(scope, receive, sender)
    |   File "E:\PYTHON_PG\FastAPI-DENNISCHEN\.venv\lib\site-packages\fastapi\middleware\asyncexitstack.py", line 18, in __call__
    |     await self.app(scope, receive, send)
    |   File "E:\PYTHON_PG\FastAPI-DENNISCHEN\.venv\lib\site-packages\starlette\routing.py", line 715, in __call__
    |     await self.middleware_stack(scope, receive, send)
    |   File "E:\PYTHON_PG\FastAPI-DENNISCHEN\.venv\lib\site-packages\starlette\routing.py", line 735, in app
    |     await route.handle(scope, receive, send)
    |   File "E:\PYTHON_PG\FastAPI-DENNISCHEN\.venv\lib\site-packages\starlette\routing.py", line 288, in handle
    |     await self.app(scope, receive, send)
    |   File "E:\PYTHON_PG\FastAPI-DENNISCHEN\.venv\lib\site-packages\fastapi\routing.py", line 125, in app
    |     await wrap_app_handling_exceptions(app, request)(scope, receive, send)
    |   File "E:\PYTHON_PG\FastAPI-DENNISCHEN\.venv\lib\site-packages\starlette\_exception_handler.py", line 53, in wrapped_app
    |     raise exc
    |   File "E:\PYTHON_PG\FastAPI-DENNISCHEN\.venv\lib\site-packages\starlette\_exception_handler.py", line 42, in wrapped_app
    |     await app(scope, receive, sender)
    |   File "E:\PYTHON_PG\FastAPI-DENNISCHEN\.venv\lib\site-packages\fastapi\routing.py", line 111, in app
    |     response = await f(request)
    |   File "E:\PYTHON_PG\FastAPI-DENNISCHEN\.venv\lib\site-packages\fastapi\routing.py", line 424, in app
    |     response = actual_response_class(content, **response_args)
    |   File "E:\PYTHON_PG\FastAPI-DENNISCHEN\.venv\lib\site-packages\starlette\responses.py", line 44, in __init__
    |     self.body = self.render(content)
    |   File "E:\PYTHON_PG\FastAPI-DENNISCHEN\.venv\lib\site-packages\starlette\responses.py", line 52, in render
    |     return content.encode(self.charset)  # type: ignore
    | AttributeError: 'dict' object has no attribute 'encode'
    +------------------------------------

During handling of the above exception, another exception occurred:

Traceback (most recent call last):
  File "E:\PYTHON_PG\FastAPI-DENNISCHEN\.venv\lib\site-packages\uvicorn\protocols\http\h11_impl.py", line 403, in run_asgi
    result = await app(  # type: ignore[func-returns-value]
  File "E:\PYTHON_PG\FastAPI-DENNISCHEN\.venv\lib\site-packages\uvicorn\middleware\proxy_headers.py", line 60, in __call__
    return await self.app(scope, receive, send)
  File "E:\PYTHON_PG\FastAPI-DENNISCHEN\.venv\lib\site-packages\fastapi\applications.py", line 1134, in __call__
    await super().__call__(scope, receive, send)
  File "E:\PYTHON_PG\FastAPI-DENNISCHEN\.venv\lib\site-packages\starlette\applications.py", line 112, in __call__
    await self.middleware_stack(scope, receive, send)
  File "E:\PYTHON_PG\FastAPI-DENNISCHEN\.venv\lib\site-packages\starlette\middleware\errors.py", line 187, in __call__
    raise exc
  File "E:\PYTHON_PG\FastAPI-DENNISCHEN\.venv\lib\site-packages\starlette\middleware\errors.py", line 165, in __call__
    await self.app(scope, receive, _send)
  File "E:\PYTHON_PG\FastAPI-DENNISCHEN\.venv\lib\site-packages\starlette\middleware\cors.py", line 85, in __call__
    await self.app(scope, receive, send)
  File "E:\PYTHON_PG\FastAPI-DENNISCHEN\.venv\lib\site-packages\starlette\middleware\base.py", line 189, in __call__
    response_sent.set()
  File "D:\Python\Python38\lib\contextlib.py", line 131, in __exit__
    self.gen.throw(type, value, traceback)
  File "E:\PYTHON_PG\FastAPI-DENNISCHEN\.venv\lib\site-packages\starlette\_utils.py", line 82, in collapse_excgroups
    raise exc
  File "E:\PYTHON_PG\FastAPI-DENNISCHEN\.venv\lib\site-packages\starlette\middleware\base.py", line 187, in __call__
    response = await self.dispatch_func(request, call_next)
  File "E:\PYTHON_PG\FastAPI-DENNISCHEN\apilog\log_middleware.py", line 40, in dispatch
    response = await call_next(request)
  File "E:\PYTHON_PG\FastAPI-DENNISCHEN\.venv\lib\site-packages\starlette\middleware\base.py", line 163, in call_next
    raise app_exc
  File "E:\PYTHON_PG\FastAPI-DENNISCHEN\.venv\lib\site-packages\starlette\middleware\base.py", line 149, in coro
    await self.app(scope, receive_or_disconnect, send_no_error)
  File "E:\PYTHON_PG\FastAPI-DENNISCHEN\.venv\lib\site-packages\starlette\middleware\exceptions.py", line 62, in __call__
    await wrap_app_handling_exceptions(self.app, conn)(scope, receive, send)
  File "E:\PYTHON_PG\FastAPI-DENNISCHEN\.venv\lib\site-packages\starlette\_exception_handler.py", line 53, in wrapped_app
    raise exc
  File "E:\PYTHON_PG\FastAPI-DENNISCHEN\.venv\lib\site-packages\starlette\_exception_handler.py", line 42, in wrapped_app
    await app(scope, receive, sender)
  File "E:\PYTHON_PG\FastAPI-DENNISCHEN\.venv\lib\site-packages\fastapi\middleware\asyncexitstack.py", line 18, in __call__
    await self.app(scope, receive, send)
  File "E:\PYTHON_PG\FastAPI-DENNISCHEN\.venv\lib\site-packages\starlette\routing.py", line 715, in __call__
    await self.middleware_stack(scope, receive, send)
  File "E:\PYTHON_PG\FastAPI-DENNISCHEN\.venv\lib\site-packages\starlette\routing.py", line 735, in app
    await route.handle(scope, receive, send)
  File "E:\PYTHON_PG\FastAPI-DENNISCHEN\.venv\lib\site-packages\starlette\routing.py", line 288, in handle
    await self.app(scope, receive, send)
  File "E:\PYTHON_PG\FastAPI-DENNISCHEN\.venv\lib\site-packages\fastapi\routing.py", line 125, in app
    await wrap_app_handling_exceptions(app, request)(scope, receive, send)
  File "E:\PYTHON_PG\FastAPI-DENNISCHEN\.venv\lib\site-packages\starlette\_exception_handler.py", line 53, in wrapped_app
    raise exc
  File "E:\PYTHON_PG\FastAPI-DENNISCHEN\.venv\lib\site-packages\starlette\_exception_handler.py", line 42, in wrapped_app
    await app(scope, receive, sender)
  File "E:\PYTHON_PG\FastAPI-DENNISCHEN\.venv\lib\site-packages\fastapi\routing.py", line 111, in app
    response = await f(request)
  File "E:\PYTHON_PG\FastAPI-DENNISCHEN\.venv\lib\site-packages\fastapi\routing.py", line 424, in app
    response = actual_response_class(content, **response_args)
  File "E:\PYTHON_PG\FastAPI-DENNISCHEN\.venv\lib\site-packages\starlette\responses.py", line 44, in __init__
    self.body = self.render(content)
  File "E:\PYTHON_PG\FastAPI-DENNISCHEN\.venv\lib\site-packages\starlette\responses.py", line 52, in render
    return content.encode(self.charset)  # type: ignore
AttributeError: 'dict' object has no attribute 'encode'
2026-01-10 09:04:55,718,uvicorn,INFO,请求开始: GET http://localhost:8000/
2026-01-10 09:04:55,719,uvicorn,INFO,函数 goto_login_page 开始执行
2026-01-10 09:04:55,732,uvicorn,INFO,函数 goto_login_page 执行完成，响应数据: <starlette.templating._TemplateResponse object at 0x000001D7639C2910>
2026-01-10 09:04:55,732,uvicorn,INFO,请求完成: GET http://localhost:8000/ 状态码: 200 耗时: 0.01s
2026-01-10 09:04:55,811,uvicorn,INFO,请求开始: GET http://localhost:8000/login
2026-01-10 09:04:55,813,uvicorn,INFO,请求完成: GET http://localhost:8000/login 状态码: 200 耗时: 0.00s
2026-01-10 09:04:56,015,uvicorn,INFO,请求开始: GET http://localhost:8000/api/verify
2026-01-10 09:04:56,017,uvicorn,INFO,请求完成: GET http://localhost:8000/api/verify 状态码: 200 耗时: 0.00s
2026-01-10 09:04:57,808,uvicorn,INFO,请求开始: GET http://localhost:8000/index
2026-01-10 09:04:57,811,uvicorn,INFO,请求完成: GET http://localhost:8000/index 状态码: 200 耗时: 0.00s
2026-01-10 09:04:58,014,uvicorn,INFO,请求开始: GET http://localhost:8000/api/verify
2026-01-10 09:04:58,016,uvicorn,INFO,请求完成: GET http://localhost:8000/api/verify 状态码: 200 耗时: 0.00s
2026-01-10 09:04:59,249,uvicorn,INFO,请求开始: GET http://localhost:8000/docs
2026-01-10 09:04:59,250,uvicorn,INFO,请求完成: GET http://localhost:8000/docs 状态码: 200 耗时: 0.00s
2026-01-10 09:04:59,771,uvicorn,INFO,请求开始: GET http://localhost:8000/openapi.json
2026-01-10 09:04:59,775,uvicorn,ERROR,中间件处理异常: 'dict' object has no attribute 'encode'
2026-01-10 09:04:59,776,uvicorn.error,ERROR,Exception in ASGI application
  + Exception Group Traceback (most recent call last):
  |   File "E:\PYTHON_PG\FastAPI-DENNISCHEN\.venv\lib\site-packages\starlette\_utils.py", line 76, in collapse_excgroups
  |     yield
  |   File "E:\PYTHON_PG\FastAPI-DENNISCHEN\.venv\lib\site-packages\starlette\middleware\base.py", line 189, in __call__
  |     response_sent.set()
  |   File "E:\PYTHON_PG\FastAPI-DENNISCHEN\.venv\lib\site-packages\anyio\_backends\_asyncio.py", line 685, in __aexit__
  |     raise BaseExceptionGroup(
  | exceptiongroup.ExceptionGroup: unhandled errors in a TaskGroup (1 sub-exception)
  +-+---------------- 1 ----------------
    | Traceback (most recent call last):
    |   File "E:\PYTHON_PG\FastAPI-DENNISCHEN\.venv\lib\site-packages\uvicorn\protocols\http\h11_impl.py", line 403, in run_asgi
    |     result = await app(  # type: ignore[func-returns-value]
    |   File "E:\PYTHON_PG\FastAPI-DENNISCHEN\.venv\lib\site-packages\uvicorn\middleware\proxy_headers.py", line 60, in __call__
    |     return await self.app(scope, receive, send)
    |   File "E:\PYTHON_PG\FastAPI-DENNISCHEN\.venv\lib\site-packages\fastapi\applications.py", line 1134, in __call__
    |     await super().__call__(scope, receive, send)
    |   File "E:\PYTHON_PG\FastAPI-DENNISCHEN\.venv\lib\site-packages\starlette\applications.py", line 112, in __call__
    |     await self.middleware_stack(scope, receive, send)
    |   File "E:\PYTHON_PG\FastAPI-DENNISCHEN\.venv\lib\site-packages\starlette\middleware\errors.py", line 187, in __call__
    |     raise exc
    |   File "E:\PYTHON_PG\FastAPI-DENNISCHEN\.venv\lib\site-packages\starlette\middleware\errors.py", line 165, in __call__
    |     await self.app(scope, receive, _send)
    |   File "E:\PYTHON_PG\FastAPI-DENNISCHEN\.venv\lib\site-packages\starlette\middleware\cors.py", line 85, in __call__
    |     await self.app(scope, receive, send)
    |   File "E:\PYTHON_PG\FastAPI-DENNISCHEN\.venv\lib\site-packages\starlette\middleware\base.py", line 189, in __call__
    |     response_sent.set()
    |   File "D:\Python\Python38\lib\contextlib.py", line 131, in __exit__
    |     self.gen.throw(type, value, traceback)
    |   File "E:\PYTHON_PG\FastAPI-DENNISCHEN\.venv\lib\site-packages\starlette\_utils.py", line 82, in collapse_excgroups
    |     raise exc
    |   File "E:\PYTHON_PG\FastAPI-DENNISCHEN\.venv\lib\site-packages\starlette\middleware\base.py", line 187, in __call__
    |     response = await self.dispatch_func(request, call_next)
    |   File "E:\PYTHON_PG\FastAPI-DENNISCHEN\apilog\log_middleware.py", line 40, in dispatch
    |     response = await call_next(request)
    |   File "E:\PYTHON_PG\FastAPI-DENNISCHEN\.venv\lib\site-packages\starlette\middleware\base.py", line 163, in call_next
    |     raise app_exc
    |   File "E:\PYTHON_PG\FastAPI-DENNISCHEN\.venv\lib\site-packages\starlette\middleware\base.py", line 149, in coro
    |     await self.app(scope, receive_or_disconnect, send_no_error)
    |   File "E:\PYTHON_PG\FastAPI-DENNISCHEN\.venv\lib\site-packages\starlette\middleware\exceptions.py", line 62, in __call__
    |     await wrap_app_handling_exceptions(self.app, conn)(scope, receive, send)
    |   File "E:\PYTHON_PG\FastAPI-DENNISCHEN\.venv\lib\site-packages\starlette\_exception_handler.py", line 53, in wrapped_app
    |     raise exc
    |   File "E:\PYTHON_PG\FastAPI-DENNISCHEN\.venv\lib\site-packages\starlette\_exception_handler.py", line 42, in wrapped_app
    |     await app(scope, receive, sender)
    |   File "E:\PYTHON_PG\FastAPI-DENNISCHEN\.venv\lib\site-packages\fastapi\middleware\asyncexitstack.py", line 18, in __call__
    |     await self.app(scope, receive, send)
    |   File "E:\PYTHON_PG\FastAPI-DENNISCHEN\.venv\lib\site-packages\starlette\routing.py", line 715, in __call__
    |     await self.middleware_stack(scope, receive, send)
    |   File "E:\PYTHON_PG\FastAPI-DENNISCHEN\.venv\lib\site-packages\starlette\routing.py", line 735, in app
    |     await route.handle(scope, receive, send)
    |   File "E:\PYTHON_PG\FastAPI-DENNISCHEN\.venv\lib\site-packages\starlette\routing.py", line 288, in handle
    |     await self.app(scope, receive, send)
    |   File "E:\PYTHON_PG\FastAPI-DENNISCHEN\.venv\lib\site-packages\fastapi\routing.py", line 125, in app
    |     await wrap_app_handling_exceptions(app, request)(scope, receive, send)
    |   File "E:\PYTHON_PG\FastAPI-DENNISCHEN\.venv\lib\site-packages\starlette\_exception_handler.py", line 53, in wrapped_app
    |     raise exc
    |   File "E:\PYTHON_PG\FastAPI-DENNISCHEN\.venv\lib\site-packages\starlette\_exception_handler.py", line 42, in wrapped_app
    |     await app(scope, receive, sender)
    |   File "E:\PYTHON_PG\FastAPI-DENNISCHEN\.venv\lib\site-packages\fastapi\routing.py", line 111, in app
    |     response = await f(request)
    |   File "E:\PYTHON_PG\FastAPI-DENNISCHEN\.venv\lib\site-packages\fastapi\routing.py", line 424, in app
    |     response = actual_response_class(content, **response_args)
    |   File "E:\PYTHON_PG\FastAPI-DENNISCHEN\.venv\lib\site-packages\starlette\responses.py", line 44, in __init__
    |     self.body = self.render(content)
    |   File "E:\PYTHON_PG\FastAPI-DENNISCHEN\.venv\lib\site-packages\starlette\responses.py", line 52, in render
    |     return content.encode(self.charset)  # type: ignore
    | AttributeError: 'dict' object has no attribute 'encode'
    +------------------------------------

During handling of the above exception, another exception occurred:

Traceback (most recent call last):
  File "E:\PYTHON_PG\FastAPI-DENNISCHEN\.venv\lib\site-packages\uvicorn\protocols\http\h11_impl.py", line 403, in run_asgi
    result = await app(  # type: ignore[func-returns-value]
  File "E:\PYTHON_PG\FastAPI-DENNISCHEN\.venv\lib\site-packages\uvicorn\middleware\proxy_headers.py", line 60, in __call__
    return await self.app(scope, receive, send)
  File "E:\PYTHON_PG\FastAPI-DENNISCHEN\.venv\lib\site-packages\fastapi\applications.py", line 1134, in __call__
    await super().__call__(scope, receive, send)
  File "E:\PYTHON_PG\FastAPI-DENNISCHEN\.venv\lib\site-packages\starlette\applications.py", line 112, in __call__
    await self.middleware_stack(scope, receive, send)
  File "E:\PYTHON_PG\FastAPI-DENNISCHEN\.venv\lib\site-packages\starlette\middleware\errors.py", line 187, in __call__
    raise exc
  File "E:\PYTHON_PG\FastAPI-DENNISCHEN\.venv\lib\site-packages\starlette\middleware\errors.py", line 165, in __call__
    await self.app(scope, receive, _send)
  File "E:\PYTHON_PG\FastAPI-DENNISCHEN\.venv\lib\site-packages\starlette\middleware\cors.py", line 85, in __call__
    await self.app(scope, receive, send)
  File "E:\PYTHON_PG\FastAPI-DENNISCHEN\.venv\lib\site-packages\starlette\middleware\base.py", line 189, in __call__
    response_sent.set()
  File "D:\Python\Python38\lib\contextlib.py", line 131, in __exit__
    self.gen.throw(type, value, traceback)
  File "E:\PYTHON_PG\FastAPI-DENNISCHEN\.venv\lib\site-packages\starlette\_utils.py", line 82, in collapse_excgroups
    raise exc
  File "E:\PYTHON_PG\FastAPI-DENNISCHEN\.venv\lib\site-packages\starlette\middleware\base.py", line 187, in __call__
    response = await self.dispatch_func(request, call_next)
  File "E:\PYTHON_PG\FastAPI-DENNISCHEN\apilog\log_middleware.py", line 40, in dispatch
    response = await call_next(request)
  File "E:\PYTHON_PG\FastAPI-DENNISCHEN\.venv\lib\site-packages\starlette\middleware\base.py", line 163, in call_next
    raise app_exc
  File "E:\PYTHON_PG\FastAPI-DENNISCHEN\.venv\lib\site-packages\starlette\middleware\base.py", line 149, in coro
    await self.app(scope, receive_or_disconnect, send_no_error)
  File "E:\PYTHON_PG\FastAPI-DENNISCHEN\.venv\lib\site-packages\starlette\middleware\exceptions.py", line 62, in __call__
    await wrap_app_handling_exceptions(self.app, conn)(scope, receive, send)
  File "E:\PYTHON_PG\FastAPI-DENNISCHEN\.venv\lib\site-packages\starlette\_exception_handler.py", line 53, in wrapped_app
    raise exc
  File "E:\PYTHON_PG\FastAPI-DENNISCHEN\.venv\lib\site-packages\starlette\_exception_handler.py", line 42, in wrapped_app
    await app(scope, receive, sender)
  File "E:\PYTHON_PG\FastAPI-DENNISCHEN\.venv\lib\site-packages\fastapi\middleware\asyncexitstack.py", line 18, in __call__
    await self.app(scope, receive, send)
  File "E:\PYTHON_PG\FastAPI-DENNISCHEN\.venv\lib\site-packages\starlette\routing.py", line 715, in __call__
    await self.middleware_stack(scope, receive, send)
  File "E:\PYTHON_PG\FastAPI-DENNISCHEN\.venv\lib\site-packages\starlette\routing.py", line 735, in app
    await route.handle(scope, receive, send)
  File "E:\PYTHON_PG\FastAPI-DENNISCHEN\.venv\lib\site-packages\starlette\routing.py", line 288, in handle
    await self.app(scope, receive, send)
  File "E:\PYTHON_PG\FastAPI-DENNISCHEN\.venv\lib\site-packages\fastapi\routing.py", line 125, in app
    await wrap_app_handling_exceptions(app, request)(scope, receive, send)
  File "E:\PYTHON_PG\FastAPI-DENNISCHEN\.venv\lib\site-packages\starlette\_exception_handler.py", line 53, in wrapped_app
    raise exc
  File "E:\PYTHON_PG\FastAPI-DENNISCHEN\.venv\lib\site-packages\starlette\_exception_handler.py", line 42, in wrapped_app
    await app(scope, receive, sender)
  File "E:\PYTHON_PG\FastAPI-DENNISCHEN\.venv\lib\site-packages\fastapi\routing.py", line 111, in app
    response = await f(request)
  File "E:\PYTHON_PG\FastAPI-DENNISCHEN\.venv\lib\site-packages\fastapi\routing.py", line 424, in app
    response = actual_response_class(content, **response_args)
  File "E:\PYTHON_PG\FastAPI-DENNISCHEN\.venv\lib\site-packages\starlette\responses.py", line 44, in __init__
    self.body = self.render(content)
  File "E:\PYTHON_PG\FastAPI-DENNISCHEN\.venv\lib\site-packages\starlette\responses.py", line 52, in render
    return content.encode(self.charset)  # type: ignore
AttributeError: 'dict' object has no attribute 'encode'
2026-01-10 09:05:41,941,uvicorn.error,INFO,Shutting down
2026-01-10 09:05:42,051,uvicorn.error,INFO,Waiting for application shutdown.
2026-01-10 09:05:42,051,uvicorn,INFO,应用关闭中...
2026-01-10 09:05:42,051,uvicorn,INFO,日志系统关闭
2026-01-10 09:05:42,052,uvicorn.error,INFO,Application shutdown complete.
2026-01-10 09:05:42,052,uvicorn.error,INFO,Finished server process [5728]
2026-01-10 09:11:24,643,uvicorn.error,INFO,Started server process [1268]
2026-01-10 09:11:24,644,uvicorn.error,INFO,Waiting for application startup.
2026-01-10 09:11:24,644,uvicorn,INFO,应用启动中...
2026-01-10 09:11:24,644,uvicorn,INFO,日志系统初始化完成
2026-01-10 09:11:24,645,uvicorn.error,INFO,Application startup complete.
2026-01-10 09:11:30,707,uvicorn,INFO,请求开始: GET http://localhost:8000/openapi.json
2026-01-10 09:11:30,708,uvicorn,INFO,请求完成: GET http://localhost:8000/openapi.json 状态码: 401 耗时: 0.00s
2026-01-10 09:11:39,682,uvicorn,INFO,请求开始: GET http://localhost:8000/
2026-01-10 09:11:39,682,uvicorn,INFO,函数 goto_login_page 开始执行
2026-01-10 09:11:39,686,uvicorn,INFO,函数 goto_login_page 执行完成，响应数据: <starlette.templating._TemplateResponse object at 0x00000232E3359DC0>
2026-01-10 09:11:39,687,uvicorn,INFO,请求完成: GET http://localhost:8000/ 状态码: 200 耗时: 0.00s
2026-01-10 09:11:39,776,uvicorn,INFO,请求开始: GET http://localhost:8000/login
2026-01-10 09:11:39,778,uvicorn,INFO,请求完成: GET http://localhost:8000/login 状态码: 200 耗时: 0.00s
2026-01-10 09:11:39,923,uvicorn,INFO,请求开始: GET http://localhost:8000/api/verify
2026-01-10 09:11:39,924,uvicorn,INFO,请求完成: GET http://localhost:8000/api/verify 状态码: 401 耗时: 0.00s
2026-01-10 09:11:41,763,uvicorn,INFO,请求开始: POST http://localhost:8000/api/login
2026-01-10 09:11:42,045,uvicorn,INFO,请求完成: POST http://localhost:8000/api/login 状态码: 200 耗时: 0.28s
2026-01-10 09:11:43,125,uvicorn,INFO,请求开始: GET http://localhost:8000/index
2026-01-10 09:11:43,128,uvicorn,INFO,请求完成: GET http://localhost:8000/index 状态码: 200 耗时: 0.00s
2026-01-10 09:11:43,590,uvicorn,INFO,请求开始: GET http://localhost:8000/api/verify
2026-01-10 09:11:43,591,uvicorn,INFO,请求完成: GET http://localhost:8000/api/verify 状态码: 200 耗时: 0.00s
2026-01-10 09:11:46,781,uvicorn,INFO,请求开始: GET http://localhost:8000/openapi.json
2026-01-10 09:11:46,828,uvicorn,ERROR,中间件处理异常: 'dict' object has no attribute 'encode'
2026-01-10 09:11:46,829,uvicorn.error,ERROR,Exception in ASGI application
  + Exception Group Traceback (most recent call last):
  |   File "E:\PYTHON_PG\FastAPI-DENNISCHEN\.venv\lib\site-packages\starlette\_utils.py", line 76, in collapse_excgroups
  |     yield
  |   File "E:\PYTHON_PG\FastAPI-DENNISCHEN\.venv\lib\site-packages\starlette\middleware\base.py", line 189, in __call__
  |     response_sent.set()
  |   File "E:\PYTHON_PG\FastAPI-DENNISCHEN\.venv\lib\site-packages\anyio\_backends\_asyncio.py", line 685, in __aexit__
  |     raise BaseExceptionGroup(
  | exceptiongroup.ExceptionGroup: unhandled errors in a TaskGroup (1 sub-exception)
  +-+---------------- 1 ----------------
    | Traceback (most recent call last):
    |   File "E:\PYTHON_PG\FastAPI-DENNISCHEN\.venv\lib\site-packages\uvicorn\protocols\http\h11_impl.py", line 403, in run_asgi
    |     result = await app(  # type: ignore[func-returns-value]
    |   File "E:\PYTHON_PG\FastAPI-DENNISCHEN\.venv\lib\site-packages\uvicorn\middleware\proxy_headers.py", line 60, in __call__
    |     return await self.app(scope, receive, send)
    |   File "E:\PYTHON_PG\FastAPI-DENNISCHEN\.venv\lib\site-packages\fastapi\applications.py", line 1134, in __call__
    |     await super().__call__(scope, receive, send)
    |   File "E:\PYTHON_PG\FastAPI-DENNISCHEN\.venv\lib\site-packages\starlette\applications.py", line 112, in __call__
    |     await self.middleware_stack(scope, receive, send)
    |   File "E:\PYTHON_PG\FastAPI-DENNISCHEN\.venv\lib\site-packages\starlette\middleware\errors.py", line 187, in __call__
    |     raise exc
    |   File "E:\PYTHON_PG\FastAPI-DENNISCHEN\.venv\lib\site-packages\starlette\middleware\errors.py", line 165, in __call__
    |     await self.app(scope, receive, _send)
    |   File "E:\PYTHON_PG\FastAPI-DENNISCHEN\.venv\lib\site-packages\starlette\middleware\cors.py", line 85, in __call__
    |     await self.app(scope, receive, send)
    |   File "E:\PYTHON_PG\FastAPI-DENNISCHEN\.venv\lib\site-packages\starlette\middleware\base.py", line 189, in __call__
    |     response_sent.set()
    |   File "D:\Python\Python38\lib\contextlib.py", line 131, in __exit__
    |     self.gen.throw(type, value, traceback)
    |   File "E:\PYTHON_PG\FastAPI-DENNISCHEN\.venv\lib\site-packages\starlette\_utils.py", line 82, in collapse_excgroups
    |     raise exc
    |   File "E:\PYTHON_PG\FastAPI-DENNISCHEN\.venv\lib\site-packages\starlette\middleware\base.py", line 187, in __call__
    |     response = await self.dispatch_func(request, call_next)
    |   File "E:\PYTHON_PG\FastAPI-DENNISCHEN\apilog\log_middleware.py", line 40, in dispatch
    |     response = await call_next(request)
    |   File "E:\PYTHON_PG\FastAPI-DENNISCHEN\.venv\lib\site-packages\starlette\middleware\base.py", line 163, in call_next
    |     raise app_exc
    |   File "E:\PYTHON_PG\FastAPI-DENNISCHEN\.venv\lib\site-packages\starlette\middleware\base.py", line 149, in coro
    |     await self.app(scope, receive_or_disconnect, send_no_error)
    |   File "E:\PYTHON_PG\FastAPI-DENNISCHEN\.venv\lib\site-packages\starlette\middleware\exceptions.py", line 62, in __call__
    |     await wrap_app_handling_exceptions(self.app, conn)(scope, receive, send)
    |   File "E:\PYTHON_PG\FastAPI-DENNISCHEN\.venv\lib\site-packages\starlette\_exception_handler.py", line 53, in wrapped_app
    |     raise exc
    |   File "E:\PYTHON_PG\FastAPI-DENNISCHEN\.venv\lib\site-packages\starlette\_exception_handler.py", line 42, in wrapped_app
    |     await app(scope, receive, sender)
    |   File "E:\PYTHON_PG\FastAPI-DENNISCHEN\.venv\lib\site-packages\fastapi\middleware\asyncexitstack.py", line 18, in __call__
    |     await self.app(scope, receive, send)
    |   File "E:\PYTHON_PG\FastAPI-DENNISCHEN\.venv\lib\site-packages\starlette\routing.py", line 715, in __call__
    |     await self.middleware_stack(scope, receive, send)
    |   File "E:\PYTHON_PG\FastAPI-DENNISCHEN\.venv\lib\site-packages\starlette\routing.py", line 735, in app
    |     await route.handle(scope, receive, send)
    |   File "E:\PYTHON_PG\FastAPI-DENNISCHEN\.venv\lib\site-packages\starlette\routing.py", line 288, in handle
    |     await self.app(scope, receive, send)
    |   File "E:\PYTHON_PG\FastAPI-DENNISCHEN\.venv\lib\site-packages\fastapi\routing.py", line 125, in app
    |     await wrap_app_handling_exceptions(app, request)(scope, receive, send)
    |   File "E:\PYTHON_PG\FastAPI-DENNISCHEN\.venv\lib\site-packages\starlette\_exception_handler.py", line 53, in wrapped_app
    |     raise exc
    |   File "E:\PYTHON_PG\FastAPI-DENNISCHEN\.venv\lib\site-packages\starlette\_exception_handler.py", line 42, in wrapped_app
    |     await app(scope, receive, sender)
    |   File "E:\PYTHON_PG\FastAPI-DENNISCHEN\.venv\lib\site-packages\fastapi\routing.py", line 111, in app
    |     response = await f(request)
    |   File "E:\PYTHON_PG\FastAPI-DENNISCHEN\.venv\lib\site-packages\fastapi\routing.py", line 424, in app
    |     response = actual_response_class(content, **response_args)
    |   File "E:\PYTHON_PG\FastAPI-DENNISCHEN\.venv\lib\site-packages\starlette\responses.py", line 44, in __init__
    |     self.body = self.render(content)
    |   File "E:\PYTHON_PG\FastAPI-DENNISCHEN\.venv\lib\site-packages\starlette\responses.py", line 52, in render
    |     return content.encode(self.charset)  # type: ignore
    | AttributeError: 'dict' object has no attribute 'encode'
    +------------------------------------

During handling of the above exception, another exception occurred:

Traceback (most recent call last):
  File "E:\PYTHON_PG\FastAPI-DENNISCHEN\.venv\lib\site-packages\uvicorn\protocols\http\h11_impl.py", line 403, in run_asgi
    result = await app(  # type: ignore[func-returns-value]
  File "E:\PYTHON_PG\FastAPI-DENNISCHEN\.venv\lib\site-packages\uvicorn\middleware\proxy_headers.py", line 60, in __call__
    return await self.app(scope, receive, send)
  File "E:\PYTHON_PG\FastAPI-DENNISCHEN\.venv\lib\site-packages\fastapi\applications.py", line 1134, in __call__
    await super().__call__(scope, receive, send)
  File "E:\PYTHON_PG\FastAPI-DENNISCHEN\.venv\lib\site-packages\starlette\applications.py", line 112, in __call__
    await self.middleware_stack(scope, receive, send)
  File "E:\PYTHON_PG\FastAPI-DENNISCHEN\.venv\lib\site-packages\starlette\middleware\errors.py", line 187, in __call__
    raise exc
  File "E:\PYTHON_PG\FastAPI-DENNISCHEN\.venv\lib\site-packages\starlette\middleware\errors.py", line 165, in __call__
    await self.app(scope, receive, _send)
  File "E:\PYTHON_PG\FastAPI-DENNISCHEN\.venv\lib\site-packages\starlette\middleware\cors.py", line 85, in __call__
    await self.app(scope, receive, send)
  File "E:\PYTHON_PG\FastAPI-DENNISCHEN\.venv\lib\site-packages\starlette\middleware\base.py", line 189, in __call__
    response_sent.set()
  File "D:\Python\Python38\lib\contextlib.py", line 131, in __exit__
    self.gen.throw(type, value, traceback)
  File "E:\PYTHON_PG\FastAPI-DENNISCHEN\.venv\lib\site-packages\starlette\_utils.py", line 82, in collapse_excgroups
    raise exc
  File "E:\PYTHON_PG\FastAPI-DENNISCHEN\.venv\lib\site-packages\starlette\middleware\base.py", line 187, in __call__
    response = await self.dispatch_func(request, call_next)
  File "E:\PYTHON_PG\FastAPI-DENNISCHEN\apilog\log_middleware.py", line 40, in dispatch
    response = await call_next(request)
  File "E:\PYTHON_PG\FastAPI-DENNISCHEN\.venv\lib\site-packages\starlette\middleware\base.py", line 163, in call_next
    raise app_exc
  File "E:\PYTHON_PG\FastAPI-DENNISCHEN\.venv\lib\site-packages\starlette\middleware\base.py", line 149, in coro
    await self.app(scope, receive_or_disconnect, send_no_error)
  File "E:\PYTHON_PG\FastAPI-DENNISCHEN\.venv\lib\site-packages\starlette\middleware\exceptions.py", line 62, in __call__
    await wrap_app_handling_exceptions(self.app, conn)(scope, receive, send)
  File "E:\PYTHON_PG\FastAPI-DENNISCHEN\.venv\lib\site-packages\starlette\_exception_handler.py", line 53, in wrapped_app
    raise exc
  File "E:\PYTHON_PG\FastAPI-DENNISCHEN\.venv\lib\site-packages\starlette\_exception_handler.py", line 42, in wrapped_app
    await app(scope, receive, sender)
  File "E:\PYTHON_PG\FastAPI-DENNISCHEN\.venv\lib\site-packages\fastapi\middleware\asyncexitstack.py", line 18, in __call__
    await self.app(scope, receive, send)
  File "E:\PYTHON_PG\FastAPI-DENNISCHEN\.venv\lib\site-packages\starlette\routing.py", line 715, in __call__
    await self.middleware_stack(scope, receive, send)
  File "E:\PYTHON_PG\FastAPI-DENNISCHEN\.venv\lib\site-packages\starlette\routing.py", line 735, in app
    await route.handle(scope, receive, send)
  File "E:\PYTHON_PG\FastAPI-DENNISCHEN\.venv\lib\site-packages\starlette\routing.py", line 288, in handle
    await self.app(scope, receive, send)
  File "E:\PYTHON_PG\FastAPI-DENNISCHEN\.venv\lib\site-packages\fastapi\routing.py", line 125, in app
    await wrap_app_handling_exceptions(app, request)(scope, receive, send)
  File "E:\PYTHON_PG\FastAPI-DENNISCHEN\.venv\lib\site-packages\starlette\_exception_handler.py", line 53, in wrapped_app
    raise exc
  File "E:\PYTHON_PG\FastAPI-DENNISCHEN\.venv\lib\site-packages\starlette\_exception_handler.py", line 42, in wrapped_app
    await app(scope, receive, sender)
  File "E:\PYTHON_PG\FastAPI-DENNISCHEN\.venv\lib\site-packages\fastapi\routing.py", line 111, in app
    response = await f(request)
  File "E:\PYTHON_PG\FastAPI-DENNISCHEN\.venv\lib\site-packages\fastapi\routing.py", line 424, in app
    response = actual_response_class(content, **response_args)
  File "E:\PYTHON_PG\FastAPI-DENNISCHEN\.venv\lib\site-packages\starlette\responses.py", line 44, in __init__
    self.body = self.render(content)
  File "E:\PYTHON_PG\FastAPI-DENNISCHEN\.venv\lib\site-packages\starlette\responses.py", line 52, in render
    return content.encode(self.charset)  # type: ignore
AttributeError: 'dict' object has no attribute 'encode'
2026-01-10 09:11:52,864,uvicorn,INFO,请求开始: GET http://localhost:8000/docs
2026-01-10 09:11:52,865,uvicorn,INFO,请求完成: GET http://localhost:8000/docs 状态码: 200 耗时: 0.00s
2026-01-10 09:11:53,346,uvicorn,INFO,请求开始: GET http://localhost:8000/openapi.json
2026-01-10 09:11:53,387,uvicorn,ERROR,中间件处理异常: 'dict' object has no attribute 'encode'
2026-01-10 09:11:53,389,uvicorn.error,ERROR,Exception in ASGI application
  + Exception Group Traceback (most recent call last):
  |   File "E:\PYTHON_PG\FastAPI-DENNISCHEN\.venv\lib\site-packages\starlette\_utils.py", line 76, in collapse_excgroups
  |     yield
  |   File "E:\PYTHON_PG\FastAPI-DENNISCHEN\.venv\lib\site-packages\starlette\middleware\base.py", line 189, in __call__
  |     response_sent.set()
  |   File "E:\PYTHON_PG\FastAPI-DENNISCHEN\.venv\lib\site-packages\anyio\_backends\_asyncio.py", line 685, in __aexit__
  |     raise BaseExceptionGroup(
  | exceptiongroup.ExceptionGroup: unhandled errors in a TaskGroup (1 sub-exception)
  +-+---------------- 1 ----------------
    | Traceback (most recent call last):
    |   File "E:\PYTHON_PG\FastAPI-DENNISCHEN\.venv\lib\site-packages\uvicorn\protocols\http\h11_impl.py", line 403, in run_asgi
    |     result = await app(  # type: ignore[func-returns-value]
    |   File "E:\PYTHON_PG\FastAPI-DENNISCHEN\.venv\lib\site-packages\uvicorn\middleware\proxy_headers.py", line 60, in __call__
    |     return await self.app(scope, receive, send)
    |   File "E:\PYTHON_PG\FastAPI-DENNISCHEN\.venv\lib\site-packages\fastapi\applications.py", line 1134, in __call__
    |     await super().__call__(scope, receive, send)
    |   File "E:\PYTHON_PG\FastAPI-DENNISCHEN\.venv\lib\site-packages\starlette\applications.py", line 112, in __call__
    |     await self.middleware_stack(scope, receive, send)
    |   File "E:\PYTHON_PG\FastAPI-DENNISCHEN\.venv\lib\site-packages\starlette\middleware\errors.py", line 187, in __call__
    |     raise exc
    |   File "E:\PYTHON_PG\FastAPI-DENNISCHEN\.venv\lib\site-packages\starlette\middleware\errors.py", line 165, in __call__
    |     await self.app(scope, receive, _send)
    |   File "E:\PYTHON_PG\FastAPI-DENNISCHEN\.venv\lib\site-packages\starlette\middleware\cors.py", line 85, in __call__
    |     await self.app(scope, receive, send)
    |   File "E:\PYTHON_PG\FastAPI-DENNISCHEN\.venv\lib\site-packages\starlette\middleware\base.py", line 189, in __call__
    |     response_sent.set()
    |   File "D:\Python\Python38\lib\contextlib.py", line 131, in __exit__
    |     self.gen.throw(type, value, traceback)
    |   File "E:\PYTHON_PG\FastAPI-DENNISCHEN\.venv\lib\site-packages\starlette\_utils.py", line 82, in collapse_excgroups
    |     raise exc
    |   File "E:\PYTHON_PG\FastAPI-DENNISCHEN\.venv\lib\site-packages\starlette\middleware\base.py", line 187, in __call__
    |     response = await self.dispatch_func(request, call_next)
    |   File "E:\PYTHON_PG\FastAPI-DENNISCHEN\apilog\log_middleware.py", line 40, in dispatch
    |     response = await call_next(request)
    |   File "E:\PYTHON_PG\FastAPI-DENNISCHEN\.venv\lib\site-packages\starlette\middleware\base.py", line 163, in call_next
    |     raise app_exc
    |   File "E:\PYTHON_PG\FastAPI-DENNISCHEN\.venv\lib\site-packages\starlette\middleware\base.py", line 149, in coro
    |     await self.app(scope, receive_or_disconnect, send_no_error)
    |   File "E:\PYTHON_PG\FastAPI-DENNISCHEN\.venv\lib\site-packages\starlette\middleware\exceptions.py", line 62, in __call__
    |     await wrap_app_handling_exceptions(self.app, conn)(scope, receive, send)
    |   File "E:\PYTHON_PG\FastAPI-DENNISCHEN\.venv\lib\site-packages\starlette\_exception_handler.py", line 53, in wrapped_app
    |     raise exc
    |   File "E:\PYTHON_PG\FastAPI-DENNISCHEN\.venv\lib\site-packages\starlette\_exception_handler.py", line 42, in wrapped_app
    |     await app(scope, receive, sender)
    |   File "E:\PYTHON_PG\FastAPI-DENNISCHEN\.venv\lib\site-packages\fastapi\middleware\asyncexitstack.py", line 18, in __call__
    |     await self.app(scope, receive, send)
    |   File "E:\PYTHON_PG\FastAPI-DENNISCHEN\.venv\lib\site-packages\starlette\routing.py", line 715, in __call__
    |     await self.middleware_stack(scope, receive, send)
    |   File "E:\PYTHON_PG\FastAPI-DENNISCHEN\.venv\lib\site-packages\starlette\routing.py", line 735, in app
    |     await route.handle(scope, receive, send)
    |   File "E:\PYTHON_PG\FastAPI-DENNISCHEN\.venv\lib\site-packages\starlette\routing.py", line 288, in handle
    |     await self.app(scope, receive, send)
    |   File "E:\PYTHON_PG\FastAPI-DENNISCHEN\.venv\lib\site-packages\fastapi\routing.py", line 125, in app
    |     await wrap_app_handling_exceptions(app, request)(scope, receive, send)
    |   File "E:\PYTHON_PG\FastAPI-DENNISCHEN\.venv\lib\site-packages\starlette\_exception_handler.py", line 53, in wrapped_app
    |     raise exc
    |   File "E:\PYTHON_PG\FastAPI-DENNISCHEN\.venv\lib\site-packages\starlette\_exception_handler.py", line 42, in wrapped_app
    |     await app(scope, receive, sender)
    |   File "E:\PYTHON_PG\FastAPI-DENNISCHEN\.venv\lib\site-packages\fastapi\routing.py", line 111, in app
    |     response = await f(request)
    |   File "E:\PYTHON_PG\FastAPI-DENNISCHEN\.venv\lib\site-packages\fastapi\routing.py", line 424, in app
    |     response = actual_response_class(content, **response_args)
    |   File "E:\PYTHON_PG\FastAPI-DENNISCHEN\.venv\lib\site-packages\starlette\responses.py", line 44, in __init__
    |     self.body = self.render(content)
    |   File "E:\PYTHON_PG\FastAPI-DENNISCHEN\.venv\lib\site-packages\starlette\responses.py", line 52, in render
    |     return content.encode(self.charset)  # type: ignore
    | AttributeError: 'dict' object has no attribute 'encode'
    +------------------------------------

During handling of the above exception, another exception occurred:

Traceback (most recent call last):
  File "E:\PYTHON_PG\FastAPI-DENNISCHEN\.venv\lib\site-packages\uvicorn\protocols\http\h11_impl.py", line 403, in run_asgi
    result = await app(  # type: ignore[func-returns-value]
  File "E:\PYTHON_PG\FastAPI-DENNISCHEN\.venv\lib\site-packages\uvicorn\middleware\proxy_headers.py", line 60, in __call__
    return await self.app(scope, receive, send)
  File "E:\PYTHON_PG\FastAPI-DENNISCHEN\.venv\lib\site-packages\fastapi\applications.py", line 1134, in __call__
    await super().__call__(scope, receive, send)
  File "E:\PYTHON_PG\FastAPI-DENNISCHEN\.venv\lib\site-packages\starlette\applications.py", line 112, in __call__
    await self.middleware_stack(scope, receive, send)
  File "E:\PYTHON_PG\FastAPI-DENNISCHEN\.venv\lib\site-packages\starlette\middleware\errors.py", line 187, in __call__
    raise exc
  File "E:\PYTHON_PG\FastAPI-DENNISCHEN\.venv\lib\site-packages\starlette\middleware\errors.py", line 165, in __call__
    await self.app(scope, receive, _send)
  File "E:\PYTHON_PG\FastAPI-DENNISCHEN\.venv\lib\site-packages\starlette\middleware\cors.py", line 85, in __call__
    await self.app(scope, receive, send)
  File "E:\PYTHON_PG\FastAPI-DENNISCHEN\.venv\lib\site-packages\starlette\middleware\base.py", line 189, in __call__
    response_sent.set()
  File "D:\Python\Python38\lib\contextlib.py", line 131, in __exit__
    self.gen.throw(type, value, traceback)
  File "E:\PYTHON_PG\FastAPI-DENNISCHEN\.venv\lib\site-packages\starlette\_utils.py", line 82, in collapse_excgroups
    raise exc
  File "E:\PYTHON_PG\FastAPI-DENNISCHEN\.venv\lib\site-packages\starlette\middleware\base.py", line 187, in __call__
    response = await self.dispatch_func(request, call_next)
  File "E:\PYTHON_PG\FastAPI-DENNISCHEN\apilog\log_middleware.py", line 40, in dispatch
    response = await call_next(request)
  File "E:\PYTHON_PG\FastAPI-DENNISCHEN\.venv\lib\site-packages\starlette\middleware\base.py", line 163, in call_next
    raise app_exc
  File "E:\PYTHON_PG\FastAPI-DENNISCHEN\.venv\lib\site-packages\starlette\middleware\base.py", line 149, in coro
    await self.app(scope, receive_or_disconnect, send_no_error)
  File "E:\PYTHON_PG\FastAPI-DENNISCHEN\.venv\lib\site-packages\starlette\middleware\exceptions.py", line 62, in __call__
    await wrap_app_handling_exceptions(self.app, conn)(scope, receive, send)
  File "E:\PYTHON_PG\FastAPI-DENNISCHEN\.venv\lib\site-packages\starlette\_exception_handler.py", line 53, in wrapped_app
    raise exc
  File "E:\PYTHON_PG\FastAPI-DENNISCHEN\.venv\lib\site-packages\starlette\_exception_handler.py", line 42, in wrapped_app
    await app(scope, receive, sender)
  File "E:\PYTHON_PG\FastAPI-DENNISCHEN\.venv\lib\site-packages\fastapi\middleware\asyncexitstack.py", line 18, in __call__
    await self.app(scope, receive, send)
  File "E:\PYTHON_PG\FastAPI-DENNISCHEN\.venv\lib\site-packages\starlette\routing.py", line 715, in __call__
    await self.middleware_stack(scope, receive, send)
  File "E:\PYTHON_PG\FastAPI-DENNISCHEN\.venv\lib\site-packages\starlette\routing.py", line 735, in app
    await route.handle(scope, receive, send)
  File "E:\PYTHON_PG\FastAPI-DENNISCHEN\.venv\lib\site-packages\starlette\routing.py", line 288, in handle
    await self.app(scope, receive, send)
  File "E:\PYTHON_PG\FastAPI-DENNISCHEN\.venv\lib\site-packages\fastapi\routing.py", line 125, in app
    await wrap_app_handling_exceptions(app, request)(scope, receive, send)
  File "E:\PYTHON_PG\FastAPI-DENNISCHEN\.venv\lib\site-packages\starlette\_exception_handler.py", line 53, in wrapped_app
    raise exc
  File "E:\PYTHON_PG\FastAPI-DENNISCHEN\.venv\lib\site-packages\starlette\_exception_handler.py", line 42, in wrapped_app
    await app(scope, receive, sender)
  File "E:\PYTHON_PG\FastAPI-DENNISCHEN\.venv\lib\site-packages\fastapi\routing.py", line 111, in app
    response = await f(request)
  File "E:\PYTHON_PG\FastAPI-DENNISCHEN\.venv\lib\site-packages\fastapi\routing.py", line 424, in app
    response = actual_response_class(content, **response_args)
  File "E:\PYTHON_PG\FastAPI-DENNISCHEN\.venv\lib\site-packages\starlette\responses.py", line 44, in __init__
    self.body = self.render(content)
  File "E:\PYTHON_PG\FastAPI-DENNISCHEN\.venv\lib\site-packages\starlette\responses.py", line 52, in render
    return content.encode(self.charset)  # type: ignore
AttributeError: 'dict' object has no attribute 'encode'
2026-01-10 09:12:15,635,uvicorn.error,INFO,Shutting down
2026-01-10 09:12:15,743,uvicorn.error,INFO,Waiting for application shutdown.
2026-01-10 09:12:15,743,uvicorn,INFO,应用关闭中...
2026-01-10 09:12:15,743,uvicorn,INFO,日志系统关闭
2026-01-10 09:12:15,743,uvicorn.error,INFO,Application shutdown complete.
2026-01-10 09:12:15,744,uvicorn.error,INFO,Finished server process [1268]
2026-01-10 09:12:22,278,uvicorn.error,INFO,Started server process [1392]
2026-01-10 09:12:22,279,uvicorn.error,INFO,Waiting for application startup.
2026-01-10 09:12:22,279,uvicorn,INFO,应用启动中...
2026-01-10 09:12:22,279,uvicorn,INFO,日志系统初始化完成
2026-01-10 09:12:22,280,uvicorn.error,INFO,Application startup complete.
2026-01-10 09:12:31,042,uvicorn,INFO,请求开始: GET http://localhost:8000/
2026-01-10 09:12:31,043,uvicorn,INFO,函数 goto_login_page 开始执行
2026-01-10 09:12:31,046,uvicorn,INFO,函数 goto_login_page 执行完成，响应数据: <starlette.templating._TemplateResponse object at 0x000001A8EB558730>
2026-01-10 09:12:31,047,uvicorn,INFO,请求完成: GET http://localhost:8000/ 状态码: 200 耗时: 0.00s
2026-01-10 09:12:31,102,uvicorn,INFO,请求开始: GET http://localhost:8000/login
2026-01-10 09:12:31,111,uvicorn,INFO,请求完成: GET http://localhost:8000/login 状态码: 200 耗时: 0.01s
2026-01-10 09:12:31,267,uvicorn,INFO,请求开始: GET http://localhost:8000/api/verify
2026-01-10 09:12:31,269,uvicorn,INFO,请求完成: GET http://localhost:8000/api/verify 状态码: 200 耗时: 0.00s
2026-01-10 09:12:33,307,uvicorn,INFO,请求开始: GET http://localhost:8000/index
2026-01-10 09:12:33,309,uvicorn,INFO,请求完成: GET http://localhost:8000/index 状态码: 200 耗时: 0.00s
2026-01-10 09:12:33,470,uvicorn,INFO,请求开始: GET http://localhost:8000/api/verify
2026-01-10 09:12:33,473,uvicorn,INFO,请求完成: GET http://localhost:8000/api/verify 状态码: 200 耗时: 0.00s
2026-01-10 09:12:37,868,uvicorn,INFO,请求开始: GET http://localhost:8000/docs
2026-01-10 09:12:37,871,uvicorn,INFO,请求完成: GET http://localhost:8000/docs 状态码: 200 耗时: 0.00s
2026-01-10 09:12:38,250,uvicorn,INFO,请求开始: GET http://localhost:8000/openapi.json
2026-01-10 09:12:38,305,uvicorn,ERROR,中间件处理异常: 'dict' object has no attribute 'encode'
2026-01-10 09:12:38,307,uvicorn.error,ERROR,Exception in ASGI application
  + Exception Group Traceback (most recent call last):
  |   File "E:\PYTHON_PG\FastAPI-DENNISCHEN\.venv\lib\site-packages\starlette\_utils.py", line 76, in collapse_excgroups
  |     yield
  |   File "E:\PYTHON_PG\FastAPI-DENNISCHEN\.venv\lib\site-packages\starlette\middleware\base.py", line 189, in __call__
  |     response_sent.set()
  |   File "E:\PYTHON_PG\FastAPI-DENNISCHEN\.venv\lib\site-packages\anyio\_backends\_asyncio.py", line 685, in __aexit__
  |     raise BaseExceptionGroup(
  | exceptiongroup.ExceptionGroup: unhandled errors in a TaskGroup (1 sub-exception)
  +-+---------------- 1 ----------------
    | Traceback (most recent call last):
    |   File "E:\PYTHON_PG\FastAPI-DENNISCHEN\.venv\lib\site-packages\uvicorn\protocols\http\h11_impl.py", line 403, in run_asgi
    |     result = await app(  # type: ignore[func-returns-value]
    |   File "E:\PYTHON_PG\FastAPI-DENNISCHEN\.venv\lib\site-packages\uvicorn\middleware\proxy_headers.py", line 60, in __call__
    |     return await self.app(scope, receive, send)
    |   File "E:\PYTHON_PG\FastAPI-DENNISCHEN\.venv\lib\site-packages\fastapi\applications.py", line 1134, in __call__
    |     await super().__call__(scope, receive, send)
    |   File "E:\PYTHON_PG\FastAPI-DENNISCHEN\.venv\lib\site-packages\starlette\applications.py", line 112, in __call__
    |     await self.middleware_stack(scope, receive, send)
    |   File "E:\PYTHON_PG\FastAPI-DENNISCHEN\.venv\lib\site-packages\starlette\middleware\errors.py", line 187, in __call__
    |     raise exc
    |   File "E:\PYTHON_PG\FastAPI-DENNISCHEN\.venv\lib\site-packages\starlette\middleware\errors.py", line 165, in __call__
    |     await self.app(scope, receive, _send)
    |   File "E:\PYTHON_PG\FastAPI-DENNISCHEN\.venv\lib\site-packages\starlette\middleware\cors.py", line 85, in __call__
    |     await self.app(scope, receive, send)
    |   File "E:\PYTHON_PG\FastAPI-DENNISCHEN\.venv\lib\site-packages\starlette\middleware\base.py", line 189, in __call__
    |     response_sent.set()
    |   File "D:\Python\Python38\lib\contextlib.py", line 131, in __exit__
    |     self.gen.throw(type, value, traceback)
    |   File "E:\PYTHON_PG\FastAPI-DENNISCHEN\.venv\lib\site-packages\starlette\_utils.py", line 82, in collapse_excgroups
    |     raise exc
    |   File "E:\PYTHON_PG\FastAPI-DENNISCHEN\.venv\lib\site-packages\starlette\middleware\base.py", line 187, in __call__
    |     response = await self.dispatch_func(request, call_next)
    |   File "E:\PYTHON_PG\FastAPI-DENNISCHEN\apilog\log_middleware.py", line 40, in dispatch
    |     response = await call_next(request)
    |   File "E:\PYTHON_PG\FastAPI-DENNISCHEN\.venv\lib\site-packages\starlette\middleware\base.py", line 163, in call_next
    |     raise app_exc
    |   File "E:\PYTHON_PG\FastAPI-DENNISCHEN\.venv\lib\site-packages\starlette\middleware\base.py", line 149, in coro
    |     await self.app(scope, receive_or_disconnect, send_no_error)
    |   File "E:\PYTHON_PG\FastAPI-DENNISCHEN\.venv\lib\site-packages\starlette\middleware\exceptions.py", line 62, in __call__
    |     await wrap_app_handling_exceptions(self.app, conn)(scope, receive, send)
    |   File "E:\PYTHON_PG\FastAPI-DENNISCHEN\.venv\lib\site-packages\starlette\_exception_handler.py", line 53, in wrapped_app
    |     raise exc
    |   File "E:\PYTHON_PG\FastAPI-DENNISCHEN\.venv\lib\site-packages\starlette\_exception_handler.py", line 42, in wrapped_app
    |     await app(scope, receive, sender)
    |   File "E:\PYTHON_PG\FastAPI-DENNISCHEN\.venv\lib\site-packages\fastapi\middleware\asyncexitstack.py", line 18, in __call__
    |     await self.app(scope, receive, send)
    |   File "E:\PYTHON_PG\FastAPI-DENNISCHEN\.venv\lib\site-packages\starlette\routing.py", line 715, in __call__
    |     await self.middleware_stack(scope, receive, send)
    |   File "E:\PYTHON_PG\FastAPI-DENNISCHEN\.venv\lib\site-packages\starlette\routing.py", line 735, in app
    |     await route.handle(scope, receive, send)
    |   File "E:\PYTHON_PG\FastAPI-DENNISCHEN\.venv\lib\site-packages\starlette\routing.py", line 288, in handle
    |     await self.app(scope, receive, send)
    |   File "E:\PYTHON_PG\FastAPI-DENNISCHEN\.venv\lib\site-packages\fastapi\routing.py", line 125, in app
    |     await wrap_app_handling_exceptions(app, request)(scope, receive, send)
    |   File "E:\PYTHON_PG\FastAPI-DENNISCHEN\.venv\lib\site-packages\starlette\_exception_handler.py", line 53, in wrapped_app
    |     raise exc
    |   File "E:\PYTHON_PG\FastAPI-DENNISCHEN\.venv\lib\site-packages\starlette\_exception_handler.py", line 42, in wrapped_app
    |     await app(scope, receive, sender)
    |   File "E:\PYTHON_PG\FastAPI-DENNISCHEN\.venv\lib\site-packages\fastapi\routing.py", line 111, in app
    |     response = await f(request)
    |   File "E:\PYTHON_PG\FastAPI-DENNISCHEN\.venv\lib\site-packages\fastapi\routing.py", line 424, in app
    |     response = actual_response_class(content, **response_args)
    |   File "E:\PYTHON_PG\FastAPI-DENNISCHEN\.venv\lib\site-packages\starlette\responses.py", line 44, in __init__
    |     self.body = self.render(content)
    |   File "E:\PYTHON_PG\FastAPI-DENNISCHEN\.venv\lib\site-packages\starlette\responses.py", line 52, in render
    |     return content.encode(self.charset)  # type: ignore
    | AttributeError: 'dict' object has no attribute 'encode'
    +------------------------------------

During handling of the above exception, another exception occurred:

Traceback (most recent call last):
  File "E:\PYTHON_PG\FastAPI-DENNISCHEN\.venv\lib\site-packages\uvicorn\protocols\http\h11_impl.py", line 403, in run_asgi
    result = await app(  # type: ignore[func-returns-value]
  File "E:\PYTHON_PG\FastAPI-DENNISCHEN\.venv\lib\site-packages\uvicorn\middleware\proxy_headers.py", line 60, in __call__
    return await self.app(scope, receive, send)
  File "E:\PYTHON_PG\FastAPI-DENNISCHEN\.venv\lib\site-packages\fastapi\applications.py", line 1134, in __call__
    await super().__call__(scope, receive, send)
  File "E:\PYTHON_PG\FastAPI-DENNISCHEN\.venv\lib\site-packages\starlette\applications.py", line 112, in __call__
    await self.middleware_stack(scope, receive, send)
  File "E:\PYTHON_PG\FastAPI-DENNISCHEN\.venv\lib\site-packages\starlette\middleware\errors.py", line 187, in __call__
    raise exc
  File "E:\PYTHON_PG\FastAPI-DENNISCHEN\.venv\lib\site-packages\starlette\middleware\errors.py", line 165, in __call__
    await self.app(scope, receive, _send)
  File "E:\PYTHON_PG\FastAPI-DENNISCHEN\.venv\lib\site-packages\starlette\middleware\cors.py", line 85, in __call__
    await self.app(scope, receive, send)
  File "E:\PYTHON_PG\FastAPI-DENNISCHEN\.venv\lib\site-packages\starlette\middleware\base.py", line 189, in __call__
    response_sent.set()
  File "D:\Python\Python38\lib\contextlib.py", line 131, in __exit__
    self.gen.throw(type, value, traceback)
  File "E:\PYTHON_PG\FastAPI-DENNISCHEN\.venv\lib\site-packages\starlette\_utils.py", line 82, in collapse_excgroups
    raise exc
  File "E:\PYTHON_PG\FastAPI-DENNISCHEN\.venv\lib\site-packages\starlette\middleware\base.py", line 187, in __call__
    response = await self.dispatch_func(request, call_next)
  File "E:\PYTHON_PG\FastAPI-DENNISCHEN\apilog\log_middleware.py", line 40, in dispatch
    response = await call_next(request)
  File "E:\PYTHON_PG\FastAPI-DENNISCHEN\.venv\lib\site-packages\starlette\middleware\base.py", line 163, in call_next
    raise app_exc
  File "E:\PYTHON_PG\FastAPI-DENNISCHEN\.venv\lib\site-packages\starlette\middleware\base.py", line 149, in coro
    await self.app(scope, receive_or_disconnect, send_no_error)
  File "E:\PYTHON_PG\FastAPI-DENNISCHEN\.venv\lib\site-packages\starlette\middleware\exceptions.py", line 62, in __call__
    await wrap_app_handling_exceptions(self.app, conn)(scope, receive, send)
  File "E:\PYTHON_PG\FastAPI-DENNISCHEN\.venv\lib\site-packages\starlette\_exception_handler.py", line 53, in wrapped_app
    raise exc
  File "E:\PYTHON_PG\FastAPI-DENNISCHEN\.venv\lib\site-packages\starlette\_exception_handler.py", line 42, in wrapped_app
    await app(scope, receive, sender)
  File "E:\PYTHON_PG\FastAPI-DENNISCHEN\.venv\lib\site-packages\fastapi\middleware\asyncexitstack.py", line 18, in __call__
    await self.app(scope, receive, send)
  File "E:\PYTHON_PG\FastAPI-DENNISCHEN\.venv\lib\site-packages\starlette\routing.py", line 715, in __call__
    await self.middleware_stack(scope, receive, send)
  File "E:\PYTHON_PG\FastAPI-DENNISCHEN\.venv\lib\site-packages\starlette\routing.py", line 735, in app
    await route.handle(scope, receive, send)
  File "E:\PYTHON_PG\FastAPI-DENNISCHEN\.venv\lib\site-packages\starlette\routing.py", line 288, in handle
    await self.app(scope, receive, send)
  File "E:\PYTHON_PG\FastAPI-DENNISCHEN\.venv\lib\site-packages\fastapi\routing.py", line 125, in app
    await wrap_app_handling_exceptions(app, request)(scope, receive, send)
  File "E:\PYTHON_PG\FastAPI-DENNISCHEN\.venv\lib\site-packages\starlette\_exception_handler.py", line 53, in wrapped_app
    raise exc
  File "E:\PYTHON_PG\FastAPI-DENNISCHEN\.venv\lib\site-packages\starlette\_exception_handler.py", line 42, in wrapped_app
    await app(scope, receive, sender)
  File "E:\PYTHON_PG\FastAPI-DENNISCHEN\.venv\lib\site-packages\fastapi\routing.py", line 111, in app
    response = await f(request)
  File "E:\PYTHON_PG\FastAPI-DENNISCHEN\.venv\lib\site-packages\fastapi\routing.py", line 424, in app
    response = actual_response_class(content, **response_args)
  File "E:\PYTHON_PG\FastAPI-DENNISCHEN\.venv\lib\site-packages\starlette\responses.py", line 44, in __init__
    self.body = self.render(content)
  File "E:\PYTHON_PG\FastAPI-DENNISCHEN\.venv\lib\site-packages\starlette\responses.py", line 52, in render
    return content.encode(self.charset)  # type: ignore
AttributeError: 'dict' object has no attribute 'encode'
2026-01-10 09:13:10,929,uvicorn.error,INFO,Shutting down
2026-01-10 09:13:11,037,uvicorn.error,INFO,Waiting for application shutdown.
2026-01-10 09:13:11,038,uvicorn,INFO,应用关闭中...
2026-01-10 09:13:11,038,uvicorn,INFO,日志系统关闭
2026-01-10 09:13:11,039,uvicorn.error,INFO,Application shutdown complete.
2026-01-10 09:13:11,039,uvicorn.error,INFO,Finished server process [1392]
2026-01-10 09:21:04,760,uvicorn.error,INFO,Started server process [8628]
2026-01-10 09:21:04,760,uvicorn.error,INFO,Waiting for application startup.
2026-01-10 09:21:04,761,uvicorn,INFO,应用启动中...
2026-01-10 09:21:04,761,uvicorn,INFO,日志系统初始化完成
2026-01-10 09:21:04,761,uvicorn.error,INFO,Application startup complete.
2026-01-10 09:21:12,654,uvicorn,INFO,请求开始: GET http://localhost:8000/
2026-01-10 09:21:12,655,uvicorn,INFO,函数 goto_login_page 开始执行
2026-01-10 09:21:12,658,uvicorn,INFO,函数 goto_login_page 执行完成，响应数据: <starlette.templating._TemplateResponse object at 0x000001E8A81097F0>
2026-01-10 09:21:12,659,uvicorn,INFO,请求完成: GET http://localhost:8000/ 状态码: 200 耗时: 0.00s
2026-01-10 09:21:12,752,uvicorn,INFO,请求开始: GET http://localhost:8000/login
2026-01-10 09:21:12,761,uvicorn,INFO,请求完成: GET http://localhost:8000/login 状态码: 200 耗时: 0.01s
2026-01-10 09:21:12,903,uvicorn,INFO,请求开始: GET http://localhost:8000/api/verify
2026-01-10 09:21:12,905,uvicorn,INFO,请求完成: GET http://localhost:8000/api/verify 状态码: 401 耗时: 0.00s
2026-01-10 09:21:13,947,uvicorn,INFO,请求开始: POST http://localhost:8000/api/login
2026-01-10 09:21:14,208,uvicorn,INFO,请求完成: POST http://localhost:8000/api/login 状态码: 200 耗时: 0.26s
2026-01-10 09:21:15,252,uvicorn,INFO,请求开始: GET http://localhost:8000/index
2026-01-10 09:21:15,256,uvicorn,INFO,请求完成: GET http://localhost:8000/index 状态码: 200 耗时: 0.00s
2026-01-10 09:21:15,452,uvicorn,INFO,请求开始: GET http://localhost:8000/api/verify
2026-01-10 09:21:15,453,uvicorn,INFO,请求完成: GET http://localhost:8000/api/verify 状态码: 200 耗时: 0.00s
2026-01-10 09:21:18,224,uvicorn,INFO,请求开始: GET http://localhost:8000/docs
2026-01-10 09:21:18,226,uvicorn,INFO,请求完成: GET http://localhost:8000/docs 状态码: 200 耗时: 0.00s
2026-01-10 09:21:18,645,uvicorn,INFO,请求开始: GET http://localhost:8000/openapi.json
2026-01-10 09:21:18,660,uvicorn,ERROR,中间件处理异常: 'dict' object has no attribute 'encode'
2026-01-10 09:21:18,662,uvicorn.error,ERROR,Exception in ASGI application
  + Exception Group Traceback (most recent call last):
  |   File "E:\PYTHON_PG\FastAPI-DENNISCHEN\.venv\lib\site-packages\starlette\_utils.py", line 76, in collapse_excgroups
  |     yield
  |   File "E:\PYTHON_PG\FastAPI-DENNISCHEN\.venv\lib\site-packages\starlette\middleware\base.py", line 189, in __call__
  |     response_sent.set()
  |   File "E:\PYTHON_PG\FastAPI-DENNISCHEN\.venv\lib\site-packages\anyio\_backends\_asyncio.py", line 685, in __aexit__
  |     raise BaseExceptionGroup(
  | exceptiongroup.ExceptionGroup: unhandled errors in a TaskGroup (1 sub-exception)
  +-+---------------- 1 ----------------
    | Traceback (most recent call last):
    |   File "E:\PYTHON_PG\FastAPI-DENNISCHEN\.venv\lib\site-packages\uvicorn\protocols\http\h11_impl.py", line 403, in run_asgi
    |     result = await app(  # type: ignore[func-returns-value]
    |   File "E:\PYTHON_PG\FastAPI-DENNISCHEN\.venv\lib\site-packages\uvicorn\middleware\proxy_headers.py", line 60, in __call__
    |     return await self.app(scope, receive, send)
    |   File "E:\PYTHON_PG\FastAPI-DENNISCHEN\.venv\lib\site-packages\fastapi\applications.py", line 1134, in __call__
    |     await super().__call__(scope, receive, send)
    |   File "E:\PYTHON_PG\FastAPI-DENNISCHEN\.venv\lib\site-packages\starlette\applications.py", line 112, in __call__
    |     await self.middleware_stack(scope, receive, send)
    |   File "E:\PYTHON_PG\FastAPI-DENNISCHEN\.venv\lib\site-packages\starlette\middleware\errors.py", line 187, in __call__
    |     raise exc
    |   File "E:\PYTHON_PG\FastAPI-DENNISCHEN\.venv\lib\site-packages\starlette\middleware\errors.py", line 165, in __call__
    |     await self.app(scope, receive, _send)
    |   File "E:\PYTHON_PG\FastAPI-DENNISCHEN\.venv\lib\site-packages\starlette\middleware\cors.py", line 85, in __call__
    |     await self.app(scope, receive, send)
    |   File "E:\PYTHON_PG\FastAPI-DENNISCHEN\.venv\lib\site-packages\starlette\middleware\base.py", line 189, in __call__
    |     response_sent.set()
    |   File "D:\Python\Python38\lib\contextlib.py", line 131, in __exit__
    |     self.gen.throw(type, value, traceback)
    |   File "E:\PYTHON_PG\FastAPI-DENNISCHEN\.venv\lib\site-packages\starlette\_utils.py", line 82, in collapse_excgroups
    |     raise exc
    |   File "E:\PYTHON_PG\FastAPI-DENNISCHEN\.venv\lib\site-packages\starlette\middleware\base.py", line 187, in __call__
    |     response = await self.dispatch_func(request, call_next)
    |   File "E:\PYTHON_PG\FastAPI-DENNISCHEN\apilog\log_middleware.py", line 40, in dispatch
    |     response = await call_next(request)
    |   File "E:\PYTHON_PG\FastAPI-DENNISCHEN\.venv\lib\site-packages\starlette\middleware\base.py", line 163, in call_next
    |     raise app_exc
    |   File "E:\PYTHON_PG\FastAPI-DENNISCHEN\.venv\lib\site-packages\starlette\middleware\base.py", line 149, in coro
    |     await self.app(scope, receive_or_disconnect, send_no_error)
    |   File "E:\PYTHON_PG\FastAPI-DENNISCHEN\.venv\lib\site-packages\starlette\middleware\exceptions.py", line 62, in __call__
    |     await wrap_app_handling_exceptions(self.app, conn)(scope, receive, send)
    |   File "E:\PYTHON_PG\FastAPI-DENNISCHEN\.venv\lib\site-packages\starlette\_exception_handler.py", line 53, in wrapped_app
    |     raise exc
    |   File "E:\PYTHON_PG\FastAPI-DENNISCHEN\.venv\lib\site-packages\starlette\_exception_handler.py", line 42, in wrapped_app
    |     await app(scope, receive, sender)
    |   File "E:\PYTHON_PG\FastAPI-DENNISCHEN\.venv\lib\site-packages\fastapi\middleware\asyncexitstack.py", line 18, in __call__
    |     await self.app(scope, receive, send)
    |   File "E:\PYTHON_PG\FastAPI-DENNISCHEN\.venv\lib\site-packages\starlette\routing.py", line 715, in __call__
    |     await self.middleware_stack(scope, receive, send)
    |   File "E:\PYTHON_PG\FastAPI-DENNISCHEN\.venv\lib\site-packages\starlette\routing.py", line 735, in app
    |     await route.handle(scope, receive, send)
    |   File "E:\PYTHON_PG\FastAPI-DENNISCHEN\.venv\lib\site-packages\starlette\routing.py", line 288, in handle
    |     await self.app(scope, receive, send)
    |   File "E:\PYTHON_PG\FastAPI-DENNISCHEN\.venv\lib\site-packages\fastapi\routing.py", line 125, in app
    |     await wrap_app_handling_exceptions(app, request)(scope, receive, send)
    |   File "E:\PYTHON_PG\FastAPI-DENNISCHEN\.venv\lib\site-packages\starlette\_exception_handler.py", line 53, in wrapped_app
    |     raise exc
    |   File "E:\PYTHON_PG\FastAPI-DENNISCHEN\.venv\lib\site-packages\starlette\_exception_handler.py", line 42, in wrapped_app
    |     await app(scope, receive, sender)
    |   File "E:\PYTHON_PG\FastAPI-DENNISCHEN\.venv\lib\site-packages\fastapi\routing.py", line 111, in app
    |     response = await f(request)
    |   File "E:\PYTHON_PG\FastAPI-DENNISCHEN\.venv\lib\site-packages\fastapi\routing.py", line 424, in app
    |     response = actual_response_class(content, **response_args)
    |   File "E:\PYTHON_PG\FastAPI-DENNISCHEN\.venv\lib\site-packages\starlette\responses.py", line 44, in __init__
    |     self.body = self.render(content)
    |   File "E:\PYTHON_PG\FastAPI-DENNISCHEN\.venv\lib\site-packages\starlette\responses.py", line 52, in render
    |     return content.encode(self.charset)  # type: ignore
    | AttributeError: 'dict' object has no attribute 'encode'
    +------------------------------------

During handling of the above exception, another exception occurred:

Traceback (most recent call last):
  File "E:\PYTHON_PG\FastAPI-DENNISCHEN\.venv\lib\site-packages\uvicorn\protocols\http\h11_impl.py", line 403, in run_asgi
    result = await app(  # type: ignore[func-returns-value]
  File "E:\PYTHON_PG\FastAPI-DENNISCHEN\.venv\lib\site-packages\uvicorn\middleware\proxy_headers.py", line 60, in __call__
    return await self.app(scope, receive, send)
  File "E:\PYTHON_PG\FastAPI-DENNISCHEN\.venv\lib\site-packages\fastapi\applications.py", line 1134, in __call__
    await super().__call__(scope, receive, send)
  File "E:\PYTHON_PG\FastAPI-DENNISCHEN\.venv\lib\site-packages\starlette\applications.py", line 112, in __call__
    await self.middleware_stack(scope, receive, send)
  File "E:\PYTHON_PG\FastAPI-DENNISCHEN\.venv\lib\site-packages\starlette\middleware\errors.py", line 187, in __call__
    raise exc
  File "E:\PYTHON_PG\FastAPI-DENNISCHEN\.venv\lib\site-packages\starlette\middleware\errors.py", line 165, in __call__
    await self.app(scope, receive, _send)
  File "E:\PYTHON_PG\FastAPI-DENNISCHEN\.venv\lib\site-packages\starlette\middleware\cors.py", line 85, in __call__
    await self.app(scope, receive, send)
  File "E:\PYTHON_PG\FastAPI-DENNISCHEN\.venv\lib\site-packages\starlette\middleware\base.py", line 189, in __call__
    response_sent.set()
  File "D:\Python\Python38\lib\contextlib.py", line 131, in __exit__
    self.gen.throw(type, value, traceback)
  File "E:\PYTHON_PG\FastAPI-DENNISCHEN\.venv\lib\site-packages\starlette\_utils.py", line 82, in collapse_excgroups
    raise exc
  File "E:\PYTHON_PG\FastAPI-DENNISCHEN\.venv\lib\site-packages\starlette\middleware\base.py", line 187, in __call__
    response = await self.dispatch_func(request, call_next)
  File "E:\PYTHON_PG\FastAPI-DENNISCHEN\apilog\log_middleware.py", line 40, in dispatch
    response = await call_next(request)
  File "E:\PYTHON_PG\FastAPI-DENNISCHEN\.venv\lib\site-packages\starlette\middleware\base.py", line 163, in call_next
    raise app_exc
  File "E:\PYTHON_PG\FastAPI-DENNISCHEN\.venv\lib\site-packages\starlette\middleware\base.py", line 149, in coro
    await self.app(scope, receive_or_disconnect, send_no_error)
  File "E:\PYTHON_PG\FastAPI-DENNISCHEN\.venv\lib\site-packages\starlette\middleware\exceptions.py", line 62, in __call__
    await wrap_app_handling_exceptions(self.app, conn)(scope, receive, send)
  File "E:\PYTHON_PG\FastAPI-DENNISCHEN\.venv\lib\site-packages\starlette\_exception_handler.py", line 53, in wrapped_app
    raise exc
  File "E:\PYTHON_PG\FastAPI-DENNISCHEN\.venv\lib\site-packages\starlette\_exception_handler.py", line 42, in wrapped_app
    await app(scope, receive, sender)
  File "E:\PYTHON_PG\FastAPI-DENNISCHEN\.venv\lib\site-packages\fastapi\middleware\asyncexitstack.py", line 18, in __call__
    await self.app(scope, receive, send)
  File "E:\PYTHON_PG\FastAPI-DENNISCHEN\.venv\lib\site-packages\starlette\routing.py", line 715, in __call__
    await self.middleware_stack(scope, receive, send)
  File "E:\PYTHON_PG\FastAPI-DENNISCHEN\.venv\lib\site-packages\starlette\routing.py", line 735, in app
    await route.handle(scope, receive, send)
  File "E:\PYTHON_PG\FastAPI-DENNISCHEN\.venv\lib\site-packages\starlette\routing.py", line 288, in handle
    await self.app(scope, receive, send)
  File "E:\PYTHON_PG\FastAPI-DENNISCHEN\.venv\lib\site-packages\fastapi\routing.py", line 125, in app
    await wrap_app_handling_exceptions(app, request)(scope, receive, send)
  File "E:\PYTHON_PG\FastAPI-DENNISCHEN\.venv\lib\site-packages\starlette\_exception_handler.py", line 53, in wrapped_app
    raise exc
  File "E:\PYTHON_PG\FastAPI-DENNISCHEN\.venv\lib\site-packages\starlette\_exception_handler.py", line 42, in wrapped_app
    await app(scope, receive, sender)
  File "E:\PYTHON_PG\FastAPI-DENNISCHEN\.venv\lib\site-packages\fastapi\routing.py", line 111, in app
    response = await f(request)
  File "E:\PYTHON_PG\FastAPI-DENNISCHEN\.venv\lib\site-packages\fastapi\routing.py", line 424, in app
    response = actual_response_class(content, **response_args)
  File "E:\PYTHON_PG\FastAPI-DENNISCHEN\.venv\lib\site-packages\starlette\responses.py", line 44, in __init__
    self.body = self.render(content)
  File "E:\PYTHON_PG\FastAPI-DENNISCHEN\.venv\lib\site-packages\starlette\responses.py", line 52, in render
    return content.encode(self.charset)  # type: ignore
AttributeError: 'dict' object has no attribute 'encode'
2026-01-10 09:39:57,217,uvicorn.error,INFO,Shutting down
2026-01-10 09:39:57,327,uvicorn.error,INFO,Waiting for application shutdown.
2026-01-10 09:39:57,327,uvicorn,INFO,应用关闭中...
2026-01-10 09:39:57,327,uvicorn,INFO,日志系统关闭
2026-01-10 09:39:57,328,uvicorn.error,INFO,Application shutdown complete.
2026-01-10 09:39:57,328,uvicorn.error,INFO,Finished server process [8628]
2026-01-10 09:40:32,659,uvicorn.error,INFO,Started server process [8276]
2026-01-10 09:40:32,659,uvicorn.error,INFO,Waiting for application startup.
2026-01-10 09:40:32,660,uvicorn,INFO,应用启动中...
2026-01-10 09:40:32,660,uvicorn,INFO,日志系统初始化完成
2026-01-10 09:40:32,660,uvicorn.error,INFO,Application startup complete.
2026-01-10 09:40:37,569,uvicorn,INFO,请求开始: GET http://localhost:8000/
2026-01-10 09:40:37,570,uvicorn,INFO,函数 goto_login_page 开始执行
2026-01-10 09:40:37,574,uvicorn,INFO,函数 goto_login_page 执行完成，响应数据: <starlette.templating._TemplateResponse object at 0x000001C2E8AC7910>
2026-01-10 09:40:37,575,uvicorn,INFO,请求完成: GET http://localhost:8000/ 状态码: 200 耗时: 0.01s
2026-01-10 09:40:37,654,uvicorn,INFO,请求开始: GET http://localhost:8000/login
2026-01-10 09:40:37,657,uvicorn,INFO,请求完成: GET http://localhost:8000/login 状态码: 200 耗时: 0.00s
2026-01-10 09:40:37,833,uvicorn,INFO,请求开始: GET http://localhost:8000/api/verify
2026-01-10 09:40:37,835,uvicorn,INFO,请求完成: GET http://localhost:8000/api/verify 状态码: 401 耗时: 0.00s
2026-01-10 09:40:38,894,uvicorn,INFO,请求开始: POST http://localhost:8000/api/login
2026-01-10 09:40:39,060,uvicorn,INFO,请求完成: POST http://localhost:8000/api/login 状态码: 200 耗时: 0.17s
2026-01-10 09:40:40,103,uvicorn,INFO,请求开始: GET http://localhost:8000/index
2026-01-10 09:40:40,107,uvicorn,INFO,请求完成: GET http://localhost:8000/index 状态码: 200 耗时: 0.00s
2026-01-10 09:40:40,298,uvicorn,INFO,请求开始: GET http://localhost:8000/api/verify
2026-01-10 09:40:40,300,uvicorn,INFO,请求完成: GET http://localhost:8000/api/verify 状态码: 200 耗时: 0.00s
2026-01-10 09:40:41,691,uvicorn,INFO,请求开始: GET http://localhost:8000/docs
2026-01-10 09:40:41,692,uvicorn,INFO,请求完成: GET http://localhost:8000/docs 状态码: 200 耗时: 0.00s
2026-01-10 09:40:42,137,uvicorn,INFO,请求开始: GET http://localhost:8000/openapi.json
2026-01-10 09:40:42,151,uvicorn,ERROR,中间件处理异常: 'dict' object has no attribute 'encode'
2026-01-10 09:40:42,153,uvicorn.error,ERROR,Exception in ASGI application
  + Exception Group Traceback (most recent call last):
  |   File "E:\PYTHON_PG\FastAPI-DENNISCHEN\.venv\lib\site-packages\starlette\_utils.py", line 76, in collapse_excgroups
  |     yield
  |   File "E:\PYTHON_PG\FastAPI-DENNISCHEN\.venv\lib\site-packages\starlette\middleware\base.py", line 189, in __call__
  |     response_sent.set()
  |   File "E:\PYTHON_PG\FastAPI-DENNISCHEN\.venv\lib\site-packages\anyio\_backends\_asyncio.py", line 685, in __aexit__
  |     raise BaseExceptionGroup(
  | exceptiongroup.ExceptionGroup: unhandled errors in a TaskGroup (1 sub-exception)
  +-+---------------- 1 ----------------
    | Traceback (most recent call last):
    |   File "E:\PYTHON_PG\FastAPI-DENNISCHEN\.venv\lib\site-packages\uvicorn\protocols\http\h11_impl.py", line 403, in run_asgi
    |     result = await app(  # type: ignore[func-returns-value]
    |   File "E:\PYTHON_PG\FastAPI-DENNISCHEN\.venv\lib\site-packages\uvicorn\middleware\proxy_headers.py", line 60, in __call__
    |     return await self.app(scope, receive, send)
    |   File "E:\PYTHON_PG\FastAPI-DENNISCHEN\.venv\lib\site-packages\fastapi\applications.py", line 1134, in __call__
    |     await super().__call__(scope, receive, send)
    |   File "E:\PYTHON_PG\FastAPI-DENNISCHEN\.venv\lib\site-packages\starlette\applications.py", line 112, in __call__
    |     await self.middleware_stack(scope, receive, send)
    |   File "E:\PYTHON_PG\FastAPI-DENNISCHEN\.venv\lib\site-packages\starlette\middleware\errors.py", line 187, in __call__
    |     raise exc
    |   File "E:\PYTHON_PG\FastAPI-DENNISCHEN\.venv\lib\site-packages\starlette\middleware\errors.py", line 165, in __call__
    |     await self.app(scope, receive, _send)
    |   File "E:\PYTHON_PG\FastAPI-DENNISCHEN\.venv\lib\site-packages\starlette\middleware\cors.py", line 85, in __call__
    |     await self.app(scope, receive, send)
    |   File "E:\PYTHON_PG\FastAPI-DENNISCHEN\.venv\lib\site-packages\starlette\middleware\base.py", line 189, in __call__
    |     response_sent.set()
    |   File "D:\Python\Python38\lib\contextlib.py", line 131, in __exit__
    |     self.gen.throw(type, value, traceback)
    |   File "E:\PYTHON_PG\FastAPI-DENNISCHEN\.venv\lib\site-packages\starlette\_utils.py", line 82, in collapse_excgroups
    |     raise exc
    |   File "E:\PYTHON_PG\FastAPI-DENNISCHEN\.venv\lib\site-packages\starlette\middleware\base.py", line 187, in __call__
    |     response = await self.dispatch_func(request, call_next)
    |   File "E:\PYTHON_PG\FastAPI-DENNISCHEN\apilog\log_middleware.py", line 40, in dispatch
    |     response = await call_next(request)
    |   File "E:\PYTHON_PG\FastAPI-DENNISCHEN\.venv\lib\site-packages\starlette\middleware\base.py", line 163, in call_next
    |     raise app_exc
    |   File "E:\PYTHON_PG\FastAPI-DENNISCHEN\.venv\lib\site-packages\starlette\middleware\base.py", line 149, in coro
    |     await self.app(scope, receive_or_disconnect, send_no_error)
    |   File "E:\PYTHON_PG\FastAPI-DENNISCHEN\.venv\lib\site-packages\starlette\middleware\exceptions.py", line 62, in __call__
    |     await wrap_app_handling_exceptions(self.app, conn)(scope, receive, send)
    |   File "E:\PYTHON_PG\FastAPI-DENNISCHEN\.venv\lib\site-packages\starlette\_exception_handler.py", line 53, in wrapped_app
    |     raise exc
    |   File "E:\PYTHON_PG\FastAPI-DENNISCHEN\.venv\lib\site-packages\starlette\_exception_handler.py", line 42, in wrapped_app
    |     await app(scope, receive, sender)
    |   File "E:\PYTHON_PG\FastAPI-DENNISCHEN\.venv\lib\site-packages\fastapi\middleware\asyncexitstack.py", line 18, in __call__
    |     await self.app(scope, receive, send)
    |   File "E:\PYTHON_PG\FastAPI-DENNISCHEN\.venv\lib\site-packages\starlette\routing.py", line 715, in __call__
    |     await self.middleware_stack(scope, receive, send)
    |   File "E:\PYTHON_PG\FastAPI-DENNISCHEN\.venv\lib\site-packages\starlette\routing.py", line 735, in app
    |     await route.handle(scope, receive, send)
    |   File "E:\PYTHON_PG\FastAPI-DENNISCHEN\.venv\lib\site-packages\starlette\routing.py", line 288, in handle
    |     await self.app(scope, receive, send)
    |   File "E:\PYTHON_PG\FastAPI-DENNISCHEN\.venv\lib\site-packages\fastapi\routing.py", line 125, in app
    |     await wrap_app_handling_exceptions(app, request)(scope, receive, send)
    |   File "E:\PYTHON_PG\FastAPI-DENNISCHEN\.venv\lib\site-packages\starlette\_exception_handler.py", line 53, in wrapped_app
    |     raise exc
    |   File "E:\PYTHON_PG\FastAPI-DENNISCHEN\.venv\lib\site-packages\starlette\_exception_handler.py", line 42, in wrapped_app
    |     await app(scope, receive, sender)
    |   File "E:\PYTHON_PG\FastAPI-DENNISCHEN\.venv\lib\site-packages\fastapi\routing.py", line 111, in app
    |     response = await f(request)
    |   File "E:\PYTHON_PG\FastAPI-DENNISCHEN\.venv\lib\site-packages\fastapi\routing.py", line 424, in app
    |     response = actual_response_class(content, **response_args)
    |   File "E:\PYTHON_PG\FastAPI-DENNISCHEN\.venv\lib\site-packages\starlette\responses.py", line 44, in __init__
    |     self.body = self.render(content)
    |   File "E:\PYTHON_PG\FastAPI-DENNISCHEN\.venv\lib\site-packages\starlette\responses.py", line 52, in render
    |     return content.encode(self.charset)  # type: ignore
    | AttributeError: 'dict' object has no attribute 'encode'
    +------------------------------------

During handling of the above exception, another exception occurred:

Traceback (most recent call last):
  File "E:\PYTHON_PG\FastAPI-DENNISCHEN\.venv\lib\site-packages\uvicorn\protocols\http\h11_impl.py", line 403, in run_asgi
    result = await app(  # type: ignore[func-returns-value]
  File "E:\PYTHON_PG\FastAPI-DENNISCHEN\.venv\lib\site-packages\uvicorn\middleware\proxy_headers.py", line 60, in __call__
    return await self.app(scope, receive, send)
  File "E:\PYTHON_PG\FastAPI-DENNISCHEN\.venv\lib\site-packages\fastapi\applications.py", line 1134, in __call__
    await super().__call__(scope, receive, send)
  File "E:\PYTHON_PG\FastAPI-DENNISCHEN\.venv\lib\site-packages\starlette\applications.py", line 112, in __call__
    await self.middleware_stack(scope, receive, send)
  File "E:\PYTHON_PG\FastAPI-DENNISCHEN\.venv\lib\site-packages\starlette\middleware\errors.py", line 187, in __call__
    raise exc
  File "E:\PYTHON_PG\FastAPI-DENNISCHEN\.venv\lib\site-packages\starlette\middleware\errors.py", line 165, in __call__
    await self.app(scope, receive, _send)
  File "E:\PYTHON_PG\FastAPI-DENNISCHEN\.venv\lib\site-packages\starlette\middleware\cors.py", line 85, in __call__
    await self.app(scope, receive, send)
  File "E:\PYTHON_PG\FastAPI-DENNISCHEN\.venv\lib\site-packages\starlette\middleware\base.py", line 189, in __call__
    response_sent.set()
  File "D:\Python\Python38\lib\contextlib.py", line 131, in __exit__
    self.gen.throw(type, value, traceback)
  File "E:\PYTHON_PG\FastAPI-DENNISCHEN\.venv\lib\site-packages\starlette\_utils.py", line 82, in collapse_excgroups
    raise exc
  File "E:\PYTHON_PG\FastAPI-DENNISCHEN\.venv\lib\site-packages\starlette\middleware\base.py", line 187, in __call__
    response = await self.dispatch_func(request, call_next)
  File "E:\PYTHON_PG\FastAPI-DENNISCHEN\apilog\log_middleware.py", line 40, in dispatch
    response = await call_next(request)
  File "E:\PYTHON_PG\FastAPI-DENNISCHEN\.venv\lib\site-packages\starlette\middleware\base.py", line 163, in call_next
    raise app_exc
  File "E:\PYTHON_PG\FastAPI-DENNISCHEN\.venv\lib\site-packages\starlette\middleware\base.py", line 149, in coro
    await self.app(scope, receive_or_disconnect, send_no_error)
  File "E:\PYTHON_PG\FastAPI-DENNISCHEN\.venv\lib\site-packages\starlette\middleware\exceptions.py", line 62, in __call__
    await wrap_app_handling_exceptions(self.app, conn)(scope, receive, send)
  File "E:\PYTHON_PG\FastAPI-DENNISCHEN\.venv\lib\site-packages\starlette\_exception_handler.py", line 53, in wrapped_app
    raise exc
  File "E:\PYTHON_PG\FastAPI-DENNISCHEN\.venv\lib\site-packages\starlette\_exception_handler.py", line 42, in wrapped_app
    await app(scope, receive, sender)
  File "E:\PYTHON_PG\FastAPI-DENNISCHEN\.venv\lib\site-packages\fastapi\middleware\asyncexitstack.py", line 18, in __call__
    await self.app(scope, receive, send)
  File "E:\PYTHON_PG\FastAPI-DENNISCHEN\.venv\lib\site-packages\starlette\routing.py", line 715, in __call__
    await self.middleware_stack(scope, receive, send)
  File "E:\PYTHON_PG\FastAPI-DENNISCHEN\.venv\lib\site-packages\starlette\routing.py", line 735, in app
    await route.handle(scope, receive, send)
  File "E:\PYTHON_PG\FastAPI-DENNISCHEN\.venv\lib\site-packages\starlette\routing.py", line 288, in handle
    await self.app(scope, receive, send)
  File "E:\PYTHON_PG\FastAPI-DENNISCHEN\.venv\lib\site-packages\fastapi\routing.py", line 125, in app
    await wrap_app_handling_exceptions(app, request)(scope, receive, send)
  File "E:\PYTHON_PG\FastAPI-DENNISCHEN\.venv\lib\site-packages\starlette\_exception_handler.py", line 53, in wrapped_app
    raise exc
  File "E:\PYTHON_PG\FastAPI-DENNISCHEN\.venv\lib\site-packages\starlette\_exception_handler.py", line 42, in wrapped_app
    await app(scope, receive, sender)
  File "E:\PYTHON_PG\FastAPI-DENNISCHEN\.venv\lib\site-packages\fastapi\routing.py", line 111, in app
    response = await f(request)
  File "E:\PYTHON_PG\FastAPI-DENNISCHEN\.venv\lib\site-packages\fastapi\routing.py", line 424, in app
    response = actual_response_class(content, **response_args)
  File "E:\PYTHON_PG\FastAPI-DENNISCHEN\.venv\lib\site-packages\starlette\responses.py", line 44, in __init__
    self.body = self.render(content)
  File "E:\PYTHON_PG\FastAPI-DENNISCHEN\.venv\lib\site-packages\starlette\responses.py", line 52, in render
    return content.encode(self.charset)  # type: ignore
AttributeError: 'dict' object has no attribute 'encode'
2026-01-10 09:42:35,422,uvicorn,INFO,请求开始: GET http://localhost:8000/openapi.json
2026-01-10 09:42:35,431,uvicorn,ERROR,中间件处理异常: 'dict' object has no attribute 'encode'
2026-01-10 09:42:35,432,uvicorn.error,ERROR,Exception in ASGI application
  + Exception Group Traceback (most recent call last):
  |   File "E:\PYTHON_PG\FastAPI-DENNISCHEN\.venv\lib\site-packages\starlette\_utils.py", line 76, in collapse_excgroups
  |     yield
  |   File "E:\PYTHON_PG\FastAPI-DENNISCHEN\.venv\lib\site-packages\starlette\middleware\base.py", line 189, in __call__
  |     response_sent.set()
  |   File "E:\PYTHON_PG\FastAPI-DENNISCHEN\.venv\lib\site-packages\anyio\_backends\_asyncio.py", line 685, in __aexit__
  |     raise BaseExceptionGroup(
  | exceptiongroup.ExceptionGroup: unhandled errors in a TaskGroup (1 sub-exception)
  +-+---------------- 1 ----------------
    | Traceback (most recent call last):
    |   File "E:\PYTHON_PG\FastAPI-DENNISCHEN\.venv\lib\site-packages\uvicorn\protocols\http\h11_impl.py", line 403, in run_asgi
    |     result = await app(  # type: ignore[func-returns-value]
    |   File "E:\PYTHON_PG\FastAPI-DENNISCHEN\.venv\lib\site-packages\uvicorn\middleware\proxy_headers.py", line 60, in __call__
    |     return await self.app(scope, receive, send)
    |   File "E:\PYTHON_PG\FastAPI-DENNISCHEN\.venv\lib\site-packages\fastapi\applications.py", line 1134, in __call__
    |     await super().__call__(scope, receive, send)
    |   File "E:\PYTHON_PG\FastAPI-DENNISCHEN\.venv\lib\site-packages\starlette\applications.py", line 112, in __call__
    |     await self.middleware_stack(scope, receive, send)
    |   File "E:\PYTHON_PG\FastAPI-DENNISCHEN\.venv\lib\site-packages\starlette\middleware\errors.py", line 187, in __call__
    |     raise exc
    |   File "E:\PYTHON_PG\FastAPI-DENNISCHEN\.venv\lib\site-packages\starlette\middleware\errors.py", line 165, in __call__
    |     await self.app(scope, receive, _send)
    |   File "E:\PYTHON_PG\FastAPI-DENNISCHEN\.venv\lib\site-packages\starlette\middleware\cors.py", line 85, in __call__
    |     await self.app(scope, receive, send)
    |   File "E:\PYTHON_PG\FastAPI-DENNISCHEN\.venv\lib\site-packages\starlette\middleware\base.py", line 189, in __call__
    |     response_sent.set()
    |   File "D:\Python\Python38\lib\contextlib.py", line 131, in __exit__
    |     self.gen.throw(type, value, traceback)
    |   File "E:\PYTHON_PG\FastAPI-DENNISCHEN\.venv\lib\site-packages\starlette\_utils.py", line 82, in collapse_excgroups
    |     raise exc
    |   File "E:\PYTHON_PG\FastAPI-DENNISCHEN\.venv\lib\site-packages\starlette\middleware\base.py", line 187, in __call__
    |     response = await self.dispatch_func(request, call_next)
    |   File "E:\PYTHON_PG\FastAPI-DENNISCHEN\apilog\log_middleware.py", line 40, in dispatch
    |     response = await call_next(request)
    |   File "E:\PYTHON_PG\FastAPI-DENNISCHEN\.venv\lib\site-packages\starlette\middleware\base.py", line 163, in call_next
    |     raise app_exc
    |   File "E:\PYTHON_PG\FastAPI-DENNISCHEN\.venv\lib\site-packages\starlette\middleware\base.py", line 149, in coro
    |     await self.app(scope, receive_or_disconnect, send_no_error)
    |   File "E:\PYTHON_PG\FastAPI-DENNISCHEN\.venv\lib\site-packages\starlette\middleware\exceptions.py", line 62, in __call__
    |     await wrap_app_handling_exceptions(self.app, conn)(scope, receive, send)
    |   File "E:\PYTHON_PG\FastAPI-DENNISCHEN\.venv\lib\site-packages\starlette\_exception_handler.py", line 53, in wrapped_app
    |     raise exc
    |   File "E:\PYTHON_PG\FastAPI-DENNISCHEN\.venv\lib\site-packages\starlette\_exception_handler.py", line 42, in wrapped_app
    |     await app(scope, receive, sender)
    |   File "E:\PYTHON_PG\FastAPI-DENNISCHEN\.venv\lib\site-packages\fastapi\middleware\asyncexitstack.py", line 18, in __call__
    |     await self.app(scope, receive, send)
    |   File "E:\PYTHON_PG\FastAPI-DENNISCHEN\.venv\lib\site-packages\starlette\routing.py", line 715, in __call__
    |     await self.middleware_stack(scope, receive, send)
    |   File "E:\PYTHON_PG\FastAPI-DENNISCHEN\.venv\lib\site-packages\starlette\routing.py", line 735, in app
    |     await route.handle(scope, receive, send)
    |   File "E:\PYTHON_PG\FastAPI-DENNISCHEN\.venv\lib\site-packages\starlette\routing.py", line 288, in handle
    |     await self.app(scope, receive, send)
    |   File "E:\PYTHON_PG\FastAPI-DENNISCHEN\.venv\lib\site-packages\fastapi\routing.py", line 125, in app
    |     await wrap_app_handling_exceptions(app, request)(scope, receive, send)
    |   File "E:\PYTHON_PG\FastAPI-DENNISCHEN\.venv\lib\site-packages\starlette\_exception_handler.py", line 53, in wrapped_app
    |     raise exc
    |   File "E:\PYTHON_PG\FastAPI-DENNISCHEN\.venv\lib\site-packages\starlette\_exception_handler.py", line 42, in wrapped_app
    |     await app(scope, receive, sender)
    |   File "E:\PYTHON_PG\FastAPI-DENNISCHEN\.venv\lib\site-packages\fastapi\routing.py", line 111, in app
    |     response = await f(request)
    |   File "E:\PYTHON_PG\FastAPI-DENNISCHEN\.venv\lib\site-packages\fastapi\routing.py", line 424, in app
    |     response = actual_response_class(content, **response_args)
    |   File "E:\PYTHON_PG\FastAPI-DENNISCHEN\.venv\lib\site-packages\starlette\responses.py", line 44, in __init__
    |     self.body = self.render(content)
    |   File "E:\PYTHON_PG\FastAPI-DENNISCHEN\.venv\lib\site-packages\starlette\responses.py", line 52, in render
    |     return content.encode(self.charset)  # type: ignore
    | AttributeError: 'dict' object has no attribute 'encode'
    +------------------------------------

During handling of the above exception, another exception occurred:

Traceback (most recent call last):
  File "E:\PYTHON_PG\FastAPI-DENNISCHEN\.venv\lib\site-packages\uvicorn\protocols\http\h11_impl.py", line 403, in run_asgi
    result = await app(  # type: ignore[func-returns-value]
  File "E:\PYTHON_PG\FastAPI-DENNISCHEN\.venv\lib\site-packages\uvicorn\middleware\proxy_headers.py", line 60, in __call__
    return await self.app(scope, receive, send)
  File "E:\PYTHON_PG\FastAPI-DENNISCHEN\.venv\lib\site-packages\fastapi\applications.py", line 1134, in __call__
    await super().__call__(scope, receive, send)
  File "E:\PYTHON_PG\FastAPI-DENNISCHEN\.venv\lib\site-packages\starlette\applications.py", line 112, in __call__
    await self.middleware_stack(scope, receive, send)
  File "E:\PYTHON_PG\FastAPI-DENNISCHEN\.venv\lib\site-packages\starlette\middleware\errors.py", line 187, in __call__
    raise exc
  File "E:\PYTHON_PG\FastAPI-DENNISCHEN\.venv\lib\site-packages\starlette\middleware\errors.py", line 165, in __call__
    await self.app(scope, receive, _send)
  File "E:\PYTHON_PG\FastAPI-DENNISCHEN\.venv\lib\site-packages\starlette\middleware\cors.py", line 85, in __call__
    await self.app(scope, receive, send)
  File "E:\PYTHON_PG\FastAPI-DENNISCHEN\.venv\lib\site-packages\starlette\middleware\base.py", line 189, in __call__
    response_sent.set()
  File "D:\Python\Python38\lib\contextlib.py", line 131, in __exit__
    self.gen.throw(type, value, traceback)
  File "E:\PYTHON_PG\FastAPI-DENNISCHEN\.venv\lib\site-packages\starlette\_utils.py", line 82, in collapse_excgroups
    raise exc
  File "E:\PYTHON_PG\FastAPI-DENNISCHEN\.venv\lib\site-packages\starlette\middleware\base.py", line 187, in __call__
    response = await self.dispatch_func(request, call_next)
  File "E:\PYTHON_PG\FastAPI-DENNISCHEN\apilog\log_middleware.py", line 40, in dispatch
    response = await call_next(request)
  File "E:\PYTHON_PG\FastAPI-DENNISCHEN\.venv\lib\site-packages\starlette\middleware\base.py", line 163, in call_next
    raise app_exc
  File "E:\PYTHON_PG\FastAPI-DENNISCHEN\.venv\lib\site-packages\starlette\middleware\base.py", line 149, in coro
    await self.app(scope, receive_or_disconnect, send_no_error)
  File "E:\PYTHON_PG\FastAPI-DENNISCHEN\.venv\lib\site-packages\starlette\middleware\exceptions.py", line 62, in __call__
    await wrap_app_handling_exceptions(self.app, conn)(scope, receive, send)
  File "E:\PYTHON_PG\FastAPI-DENNISCHEN\.venv\lib\site-packages\starlette\_exception_handler.py", line 53, in wrapped_app
    raise exc
  File "E:\PYTHON_PG\FastAPI-DENNISCHEN\.venv\lib\site-packages\starlette\_exception_handler.py", line 42, in wrapped_app
    await app(scope, receive, sender)
  File "E:\PYTHON_PG\FastAPI-DENNISCHEN\.venv\lib\site-packages\fastapi\middleware\asyncexitstack.py", line 18, in __call__
    await self.app(scope, receive, send)
  File "E:\PYTHON_PG\FastAPI-DENNISCHEN\.venv\lib\site-packages\starlette\routing.py", line 715, in __call__
    await self.middleware_stack(scope, receive, send)
  File "E:\PYTHON_PG\FastAPI-DENNISCHEN\.venv\lib\site-packages\starlette\routing.py", line 735, in app
    await route.handle(scope, receive, send)
  File "E:\PYTHON_PG\FastAPI-DENNISCHEN\.venv\lib\site-packages\starlette\routing.py", line 288, in handle
    await self.app(scope, receive, send)
  File "E:\PYTHON_PG\FastAPI-DENNISCHEN\.venv\lib\site-packages\fastapi\routing.py", line 125, in app
    await wrap_app_handling_exceptions(app, request)(scope, receive, send)
  File "E:\PYTHON_PG\FastAPI-DENNISCHEN\.venv\lib\site-packages\starlette\_exception_handler.py", line 53, in wrapped_app
    raise exc
  File "E:\PYTHON_PG\FastAPI-DENNISCHEN\.venv\lib\site-packages\starlette\_exception_handler.py", line 42, in wrapped_app
    await app(scope, receive, sender)
  File "E:\PYTHON_PG\FastAPI-DENNISCHEN\.venv\lib\site-packages\fastapi\routing.py", line 111, in app
    response = await f(request)
  File "E:\PYTHON_PG\FastAPI-DENNISCHEN\.venv\lib\site-packages\fastapi\routing.py", line 424, in app
    response = actual_response_class(content, **response_args)
  File "E:\PYTHON_PG\FastAPI-DENNISCHEN\.venv\lib\site-packages\starlette\responses.py", line 44, in __init__
    self.body = self.render(content)
  File "E:\PYTHON_PG\FastAPI-DENNISCHEN\.venv\lib\site-packages\starlette\responses.py", line 52, in render
    return content.encode(self.charset)  # type: ignore
AttributeError: 'dict' object has no attribute 'encode'
2026-01-10 09:43:43,342,uvicorn.error,INFO,Shutting down
2026-01-10 09:43:43,453,uvicorn.error,INFO,Waiting for application shutdown.
2026-01-10 09:43:43,453,uvicorn,INFO,应用关闭中...
2026-01-10 09:43:43,453,uvicorn,INFO,日志系统关闭
2026-01-10 09:43:43,453,uvicorn.error,INFO,Application shutdown complete.
2026-01-10 09:43:43,454,uvicorn.error,INFO,Finished server process [8276]
2026-01-10 10:04:41,881,uvicorn.error,INFO,Started server process [14256]
2026-01-10 10:04:41,893,uvicorn.error,INFO,Waiting for application startup.
2026-01-10 10:04:41,894,uvicorn,INFO,应用启动中...
2026-01-10 10:04:41,894,uvicorn,INFO,日志系统初始化完成
2026-01-10 10:04:41,895,uvicorn.error,INFO,Application startup complete.
2026-01-10 10:05:05,132,uvicorn,INFO,请求开始: GET http://localhost:8000/
2026-01-10 10:05:05,133,uvicorn,INFO,函数 goto_login_page 开始执行
2026-01-10 10:05:05,138,uvicorn,INFO,函数 goto_login_page 执行完成，响应数据: <starlette.templating._TemplateResponse object at 0x000001554CE8FD30>
2026-01-10 10:05:05,151,uvicorn,INFO,请求完成: GET http://localhost:8000/ 状态码: 200 耗时: 0.01s
2026-01-10 10:05:05,270,uvicorn,INFO,请求开始: GET http://localhost:8000/login
2026-01-10 10:05:05,298,uvicorn,INFO,请求完成: GET http://localhost:8000/login 状态码: 200 耗时: 0.03s
2026-01-10 10:05:05,497,uvicorn,INFO,请求开始: GET http://localhost:8000/api/verify
2026-01-10 10:05:05,498,uvicorn,INFO,请求完成: GET http://localhost:8000/api/verify 状态码: 401 耗时: 0.00s
2026-01-10 10:05:06,663,uvicorn,INFO,请求开始: POST http://localhost:8000/api/login
2026-01-10 10:05:07,012,uvicorn,INFO,请求完成: POST http://localhost:8000/api/login 状态码: 200 耗时: 0.35s
2026-01-10 10:05:08,052,uvicorn,INFO,请求开始: GET http://localhost:8000/index
2026-01-10 10:05:08,081,uvicorn,INFO,请求完成: GET http://localhost:8000/index 状态码: 200 耗时: 0.03s
2026-01-10 10:05:08,225,uvicorn,INFO,请求开始: GET http://localhost:8000/api/verify
2026-01-10 10:05:08,231,uvicorn,INFO,请求完成: GET http://localhost:8000/api/verify 状态码: 200 耗时: 0.01s
2026-01-10 10:05:09,529,uvicorn,INFO,请求开始: GET http://localhost:8000/docs
2026-01-10 10:05:09,530,uvicorn,INFO,请求完成: GET http://localhost:8000/docs 状态码: 200 耗时: 0.00s
2026-01-10 10:06:48,373,uvicorn.error,INFO,Shutting down
2026-01-10 10:06:48,482,uvicorn.error,INFO,Waiting for application shutdown.
2026-01-10 10:06:48,482,uvicorn,INFO,应用关闭中...
2026-01-10 10:06:48,482,uvicorn,INFO,日志系统关闭
2026-01-10 10:06:48,483,uvicorn.error,INFO,Application shutdown complete.
2026-01-10 10:06:48,483,uvicorn.error,INFO,Finished server process [14256]
2026-01-20 15:24:53,723,uvicorn.error,INFO,Started server process [9760]
2026-01-20 15:24:53,737,uvicorn.error,INFO,Waiting for application startup.
2026-01-20 15:24:53,738,uvicorn,INFO,应用启动中...
2026-01-20 15:24:53,739,uvicorn,INFO,日志系统初始化完成
2026-01-20 15:24:53,739,uvicorn.error,INFO,Application startup complete.
